label,feature_0,feature_1,feature_2,feature_3,feature_4,feature_5,feature_6,feature_7,feature_8,feature_9,feature_10,feature_11,feature_12,feature_13,feature_14,feature_15,feature_16,feature_17,feature_18,feature_19,feature_20,feature_21,feature_22,feature_23,feature_24,feature_25,feature_26,feature_27,feature_28,feature_29,feature_30,feature_31,feature_32,feature_33,feature_34,feature_35,feature_36,feature_37,feature_38,feature_39,feature_40,feature_41,feature_42,feature_43,feature_44,feature_45,feature_46,feature_47,feature_48,feature_49,feature_50,feature_51,feature_52,feature_53,feature_54,feature_55,feature_56,feature_57,feature_58,feature_59,feature_60,feature_61,feature_62
peace,0.0,0.0,0.0,0.10692740976810455,-0.019432350993156433,-0.047664541751146317,0.2013981193304062,-0.13151998817920685,-0.07369785010814667,0.20655307173728943,-0.2628925144672394,-0.10182952135801315,0.16448372602462769,-0.3816874027252197,-0.1267440766096115,0.2431170493364334,-0.4331592619419098,-0.03726451098918915,0.3376569151878357,-0.5927196145057678,-0.08136410266160965,0.39447614550590515,-0.7014462947845459,-0.108086496591568,0.441133975982666,-0.7941510081291199,-0.12276696413755417,0.172207772731781,-0.48942917585372925,-0.04928728565573692,0.24485664069652557,-0.6968772411346436,-0.10378514975309372,0.300227552652359,-0.8266211152076721,-0.1349795162677765,0.34430932998657227,-0.9271952509880066,-0.14751291275024414,0.09116499125957489,-0.4886692464351654,-0.06728155165910721,0.14134269952774048,-0.5447455048561096,-0.14899130165576935,0.13532234728336334,-0.3680245876312256,-0.15992501378059387,0.12129931896924973,-0.24242866039276123,-0.1413644254207611,0.009813744574785233,-0.44506096839904785,-0.08844556659460068,0.06452135741710663,-0.4505371153354645,-0.15237510204315186,0.07774672657251358,-0.3090647757053375,-0.15137991309165955,0.07572807371616364,-0.20394320785999298,-0.13274326920509338
peace,0.0,0.0,0.0,0.1082492545247078,-0.04209037870168686,-0.048455964773893356,0.20551776885986328,-0.14406844973564148,-0.08398795127868652,0.2369135618209839,-0.24416407942771912,-0.1221657395362854,0.19130685925483704,-0.31012895703315735,-0.1551624834537506,0.21783219277858734,-0.4785504639148712,-0.0508490651845932,0.2967098355293274,-0.6549026370048523,-0.10182534158229828,0.3434070348739624,-0.7694047689437866,-0.1332399547100067,0.38533973693847656,-0.8682225942611694,-0.15156838297843933,0.13609711825847626,-0.5216826796531677,-0.06642697006464005,0.1829400509595871,-0.7267976999282837,-0.13209927082061768,0.23492859303951263,-0.8487342000007629,-0.167171448469162,0.278940349817276,-0.9431564807891846,-0.18068759143352509,0.05839839577674866,-0.5048230290412903,-0.08701800554990768,0.14007148146629333,-0.4825439453125,-0.1702726185321808,0.14961299300193787,-0.3152901232242584,-0.1807602047920227,0.14084392786026,-0.20600180327892303,-0.16257894039154053,-0.003997685853391886,-0.43553438782691956,-0.11235611885786057,0.0801592692732811,-0.3484634459018707,-0.17242823541164398,0.09955301880836487,-0.21396242082118988,-0.1741943657398224,0.09857124835252762,-0.1317717730998993,-0.1586907058954239
peace,0.0,0.0,0.0,0.09922286868095398,-0.0071487571112811565,-0.05002756789326668,0.18377718329429626,-0.10850899666547775,-0.07269357889890671,0.16385874152183533,-0.22937706112861633,-0.09709610790014267,0.11201833188533783,-0.3451584577560425,-0.11810965090990067,0.2559487223625183,-0.3985438048839569,-0.02307397872209549,0.35403573513031006,-0.5429766178131104,-0.06216839700937271,0.4152969717979431,-0.6414681673049927,-0.08562600612640381,0.4619251489639282,-0.7259440422058105,-0.09778357297182083,0.18648862838745117,-0.4681514501571655,-0.0326291024684906,0.2465878129005432,-0.6853867173194885,-0.08150458335876465,0.2893443703651428,-0.8250855207443237,-0.11402220278978348,0.32080164551734924,-0.938713788986206,-0.1261059194803238,0.10620337724685669,-0.4765148460865021,-0.04921841248869896,0.11837555468082428,-0.5105453729629517,-0.1280466616153717,0.10454444587230682,-0.3509675860404968,-0.14904066920280457,0.08978188037872314,-0.24604354798793793,-0.13635437190532684,0.025368059054017067,-0.44491663575172424,-0.06907697767019272,0.04084781929850578,-0.42032134532928467,-0.13164694607257843,0.040632203221321106,-0.2809634804725647,-0.13668711483478546,0.037596408277750015,-0.185319185256958,-0.12189015746116638
peace,0.0,0.0,0.0,0.028892599046230316,-0.22651022672653198,-0.003776032477617264,0.12388572841882706,-0.3826075792312622,-0.033932507038116455,0.2434413880109787,-0.4077160060405731,-0.0661388486623764,0.3123251795768738,-0.3781557083129883,-0.09470373392105103,0.08370190113782883,-0.4774132966995239,-0.0920417532324791,0.15845991671085358,-0.7028003931045532,-0.1376890242099762,0.2042369395494461,-0.8416476845741272,-0.1649704873561859,0.24072769284248352,-0.9525553584098816,-0.1862487494945526,0.10736346989870071,-0.3709939122200012,-0.12045587599277496,0.22761833667755127,-0.5717141032218933,-0.18133942782878876,0.3115530014038086,-0.6892651319503784,-0.21069025993347168,0.37629494071006775,-0.7671325206756592,-0.23183657228946686,0.13660019636154175,-0.24205970764160156,-0.1420583873987198,0.31010010838508606,-0.3721732497215271,-0.18345479667186737,0.30197763442993164,-0.3432444930076599,-0.16403818130493164,0.26346462965011597,-0.30776000022888184,-0.14509867131710052,0.17070184648036957,-0.11005675047636032,-0.16508807241916656,0.2952873110771179,-0.22887170314788818,-0.180999293923378,0.2712641954421997,-0.22343650460243225,-0.15623117983341217,0.22591835260391235,-0.20082667469978333,-0.13603071868419647
peace,0.0,0.0,0.0,-0.028839856386184692,-0.245503768324852,0.010597923770546913,0.041162848472595215,-0.41288813948631287,-0.006253482773900032,0.13682454824447632,-0.4638749063014984,-0.014190850779414177,0.21430712938308716,-0.47310876846313477,-0.01878453977406025,0.05462004244327545,-0.47514608502388,-0.11800641566514969,0.09800907224416733,-0.6960859894752502,-0.15994761884212494,0.13071319460868835,-0.8461423516273499,-0.1945723295211792,0.16226767003536224,-0.9616604447364807,-0.22108465433120728,0.12183352559804916,-0.3907400071620941,-0.11581988632678986,0.21649397909641266,-0.6056062579154968,-0.1483980268239975,0.2899720370769501,-0.7479321956634521,-0.17254461348056793,0.35265854001045227,-0.8516045212745667,-0.1986837536096573,0.17611804604530334,-0.30999162793159485,-0.09766916930675507,0.24160057306289673,-0.49073660373687744,-0.07546708732843399,0.19936129450798035,-0.47899889945983887,-0.030235810205340385,0.16137394309043884,-0.433212012052536,-0.009591622278094292,0.22121824324131012,-0.2388463169336319,-0.08045725524425507,0.24576213955879211,-0.40110862255096436,-0.04911032319068909,0.2090306431055069,-0.40438973903656006,-0.008527997881174088,0.18842647969722748,-0.3739289343357086,0.01702781766653061
peace,0.0,0.0,0.0,-0.024447070434689522,-0.23863643407821655,0.016358632594347,0.024929143488407135,-0.40775546431541443,-0.004251726903021336,0.10946118831634521,-0.4907189905643463,-0.026502791792154312,0.1707608699798584,-0.5009685754776001,-0.045377712696790695,0.006874810438603163,-0.4795873463153839,-0.08082836866378784,0.03635155037045479,-0.6995265483856201,-0.13220365345478058,0.051540493965148926,-0.8544328212738037,-0.17248159646987915,0.06756063550710678,-0.9770424962043762,-0.2020484060049057,0.06377596408128738,-0.4094722867012024,-0.10310550779104233,0.1479833424091339,-0.6417204141616821,-0.15087266266345978,0.21086479723453522,-0.7942826151847839,-0.1790182888507843,0.26129207015037537,-0.9007814526557922,-0.20300814509391785,0.12372016906738281,-0.32323157787323,-0.11515183746814728,0.22867386043071747,-0.5156891345977783,-0.1269656866788864,0.20278522372245789,-0.5012732744216919,-0.09173811972141266,0.1640312820672989,-0.448537677526474,-0.06767299026250839,0.1751043200492859,-0.23676596581935883,-0.1282922774553299,0.24218198657035828,-0.404144823551178,-0.12161748856306076,0.21644620597362518,-0.39714163541793823,-0.08456658571958542,0.18819081783294678,-0.35217514634132385,-0.05584709718823433
peace,0.0,0.0,0.0,-0.011601705104112625,-0.23448826372623444,-0.0002504804579075426,0.061296574771404266,-0.40607550740242004,-0.01935490034520626,0.16603603959083557,-0.4664480686187744,-0.03739071264863014,0.24286861717700958,-0.4790264368057251,-0.0530887134373188,0.06836896389722824,-0.47393539547920227,-0.07937000691890717,0.151328444480896,-0.7044976949691772,-0.11763231456279755,0.2019783854484558,-0.848788321018219,-0.14150094985961914,0.24474261701107025,-0.9567285180091858,-0.1573900580406189,0.1273844838142395,-0.38055166602134705,-0.09340139478445053,0.24321040511131287,-0.6060456037521362,-0.1273805797100067,0.3204207718372345,-0.742635190486908,-0.14309655129909515,0.3874256908893585,-0.8312181234359741,-0.1559152454137802,0.1794041246175766,-0.2725900709629059,-0.10016684979200363,0.28348755836486816,-0.4459303915500641,-0.11744903773069382,0.24045971035957336,-0.4432983994483948,-0.09259995073080063,0.19167271256446838,-0.395868182182312,-0.07155708968639374,0.21729762852191925,-0.16942262649536133,-0.10785078257322311,0.2804885804653168,-0.3253284692764282,-0.1108967587351799,0.24768921732902527,-0.3386644423007965,-0.08219490945339203,0.213626891374588,-0.2990146279335022,-0.05725197121500969
peace,0.0,0.0,0.0,-0.007074661552906036,-0.24128349125385284,-0.003993475344032049,0.06850841641426086,-0.41023150086402893,-0.024884285405278206,0.17230424284934998,-0.4617832601070404,-0.04481780529022217,0.2459067851305008,-0.46489837765693665,-0.06229110062122345,0.07524952292442322,-0.47798722982406616,-0.07749232649803162,0.15525196492671967,-0.7081965804100037,-0.11351249366998672,0.2054048478603363,-0.8504021763801575,-0.13476085662841797,0.24802890419960022,-0.957256019115448,-0.14880400896072388,0.13504737615585327,-0.38259443640708923,-0.09208177030086517,0.25240957736968994,-0.6041828989982605,-0.12427402287721634,0.329699844121933,-0.7382883429527283,-0.13947463035583496,0.3975895643234253,-0.8236942887306213,-0.1517038494348526,0.18512220680713654,-0.26926541328430176,-0.10019800812005997,0.29127275943756104,-0.43178269267082214,-0.11978910118341446,0.2452855110168457,-0.4276321232318878,-0.09739220887422562,0.1951504796743393,-0.38064220547676086,-0.07722682505846024,0.22087210416793823,-0.1599273383617401,-0.10940349102020264,0.2836371064186096,-0.30466389656066895,-0.11466915905475616,0.2501453757286072,-0.31541913747787476,-0.08715253323316574,0.21568529307842255,-0.27586936950683594,-0.06279188394546509
peace,0.0,0.0,0.0,-0.006426012143492699,-0.2403453290462494,-0.0029274728149175644,0.07115618884563446,-0.4068860113620758,-0.023042313754558563,0.17816632986068726,-0.45734262466430664,-0.042026203125715256,0.25492724776268005,-0.4664493203163147,-0.058194585144519806,0.07418490201234818,-0.475717157125473,-0.07611650228500366,0.15213273465633392,-0.7047794461250305,-0.11192748695611954,0.19831877946853638,-0.850888192653656,-0.13311944901943207,0.2378873974084854,-0.9600896239280701,-0.14709730446338654,0.13248132169246674,-0.3760741651058197,-0.09061135351657867,0.24593417346477509,-0.5949949026107788,-0.12613476812839508,0.3216414451599121,-0.7288690805435181,-0.14177988469600677,0.3894309997558594,-0.815517008304596,-0.1533966213464737,0.18226800858974457,-0.26339852809906006,-0.09850921481847763,0.2842070460319519,-0.4340549409389496,-0.12040498107671738,0.23736122250556946,-0.4296019673347473,-0.09615328162908554,0.1884070336818695,-0.3820597231388092,-0.07363742589950562,0.2178332507610321,-0.156866192817688,-0.10726605355739594,0.28025636076927185,-0.31760719418525696,-0.1120431199669838,0.24611741304397583,-0.32809802889823914,-0.08178392052650452,0.21277059614658356,-0.28436511754989624,-0.05511131510138512
peace,0.0,0.0,0.0,-0.0023380997590720654,-0.23796488344669342,0.0008658776059746742,0.07698573172092438,-0.4005073308944702,-0.019963283091783524,0.1822468340396881,-0.4512116312980652,-0.03990919515490532,0.25741472840309143,-0.4579711854457855,-0.056886471807956696,0.07974095642566681,-0.4716835916042328,-0.08081614226102829,0.15266302227973938,-0.6947777271270752,-0.12225732952356339,0.19711919128894806,-0.8457710146903992,-0.14795303344726562,0.2344738245010376,-0.9579741954803467,-0.16525009274482727,0.13443732261657715,-0.3720969557762146,-0.09722962975502014,0.251199871301651,-0.5817810893058777,-0.13767702877521515,0.3291938304901123,-0.7111223340034485,-0.15448464453220367,0.39602628350257874,-0.7950999140739441,-0.16687344014644623,0.18182511627674103,-0.2568427622318268,-0.10626401007175446,0.2910274863243103,-0.41407155990600586,-0.12803761661052704,0.24939119815826416,-0.4041760265827179,-0.0978693887591362,0.20207750797271729,-0.3589206635951996,-0.07167249917984009,0.21593105792999268,-0.1441013365983963,-0.11615316569805145,0.28798907995224,-0.29540538787841797,-0.11932151019573212,0.25584283471107483,-0.3007985055446625,-0.08481917530298233,0.22197312116622925,-0.25965404510498047,-0.05507698655128479
peace,0.0,0.0,0.0,-0.005124324467033148,-0.24081175029277802,0.01166277565062046,0.07238918542861938,-0.40124356746673584,-0.008431673981249332,0.17491702735424042,-0.444723904132843,-0.0260311346501112,0.2518576681613922,-0.44645005464553833,-0.03984794765710831,0.07520726323127747,-0.4720897078514099,-0.09273257851600647,0.1361260712146759,-0.6921018362045288,-0.13467687368392944,0.17359761893749237,-0.8442201614379883,-0.16485697031021118,0.2070825845003128,-0.9601275324821472,-0.18780829012393951,0.12682265043258667,-0.365373820066452,-0.10849940031766891,0.24522314965724945,-0.5674231648445129,-0.14663566648960114,0.3257448673248291,-0.6930567622184753,-0.16347786784172058,0.3943100869655609,-0.7773095369338989,-0.18028992414474487,0.17227904498577118,-0.2536914050579071,-0.11347143352031708,0.2875376045703888,-0.4203244745731354,-0.11897537857294083,0.2465818077325821,-0.4156671166419983,-0.07774683088064194,0.19852980971336365,-0.3700879216194153,-0.05086172744631767,0.20866231620311737,-0.14766354858875275,-0.11915366351604462,0.28509223461151123,-0.3041892647743225,-0.11174359917640686,0.2517963945865631,-0.308799147605896,-0.07257337123155594,0.21846933662891388,-0.26726382970809937,-0.04257908836007118
peace,0.0,0.0,0.0,0.00028686641599051654,-0.2552044093608856,0.03222138434648514,0.08161908388137817,-0.40542423725128174,0.01659594289958477,0.1825932115316391,-0.4386468529701233,0.002076549921184778,0.2607664167881012,-0.4388578236103058,-0.00788933876901865,0.0771712213754654,-0.5020773410797119,-0.08660678565502167,0.12672097980976105,-0.7092229127883911,-0.12284278124570847,0.15635880827903748,-0.8548317551612854,-0.1525222659111023,0.1867952197790146,-0.9663201570510864,-0.17701080441474915,0.12639370560646057,-0.38874852657318115,-0.1064530536532402,0.24687281250953674,-0.5648819804191589,-0.14486943185329437,0.33333444595336914,-0.6773785352706909,-0.16366854310035706,0.40551647543907166,-0.745162844657898,-0.18266718089580536,0.1683698147535324,-0.27294233441352844,-0.11073105782270432,0.2770835757255554,-0.41510769724845886,-0.09576059877872467,0.23643985390663147,-0.4084428548812866,-0.03743678331375122,0.19201728701591492,-0.3663846552371979,-0.004324909299612045,0.20448921620845795,-0.1621556431055069,-0.11525802314281464,0.2785075306892395,-0.30493298172950745,-0.0832444354891777,0.24366842210292816,-0.30262959003448486,-0.026986313983798027,0.21208800375461578,-0.26387688517570496,0.011864276602864265
peace,0.0,0.0,0.0,0.00460456870496273,-0.2510203421115875,0.027280626818537712,0.08463270962238312,-0.39672964811325073,0.011313270777463913,0.18500566482543945,-0.4277985095977783,-0.0032089934684336185,0.26308178901672363,-0.4353768825531006,-0.013703443109989166,0.08635567128658295,-0.4884765148162842,-0.0819699838757515,0.11480739712715149,-0.7026970386505127,-0.1163984090089798,0.1309238225221634,-0.85393226146698,-0.1464439034461975,0.15106068551540375,-0.9735604524612427,-0.17134976387023926,0.133226677775383,-0.37800633907318115,-0.10105027258396149,0.2570393681526184,-0.5401908159255981,-0.12533517181873322,0.35066327452659607,-0.6290176510810852,-0.13666340708732605,0.4268268346786499,-0.6790731549263,-0.15196625888347626,0.17140647768974304,-0.26159271597862244,-0.10725206881761551,0.2804808020591736,-0.407133013010025,-0.09016843885183334,0.24305693805217743,-0.39713072776794434,-0.037947870790958405,0.19928447902202606,-0.35674288868904114,-0.009875666350126266,0.20584355294704437,-0.1459541767835617,-0.11388341337442398,0.2815505564212799,-0.29140952229499817,-0.08593911677598953,0.24720095098018646,-0.28772681951522827,-0.03379065543413162,0.21692055463790894,-0.24574145674705505,0.00233858497813344
peace,0.0,0.0,0.0,0.11294262856245041,0.09835144877433777,-0.07532037049531937,0.24047420918941498,0.06745357066392899,-0.11030902713537216,0.2805540859699249,-0.11085746437311172,-0.14592918753623962,0.290208637714386,-0.30755355954170227,-0.1759413778781891,0.42574387788772583,-0.13299217820167542,-0.03784072399139404,0.5849916338920593,-0.1535957008600235,-0.09172333031892776,0.6875537633895874,-0.18317732214927673,-0.126083105802536,0.7700228691101074,-0.21937541663646698,-0.14573220908641815,0.3789611756801605,-0.2868522107601166,-0.046688422560691833,0.534196674823761,-0.457392156124115,-0.11744527518749237,0.6348152756690979,-0.5733124613761902,-0.16222792863845825,0.7132885456085205,-0.6773620247840881,-0.18000032007694244,0.294709712266922,-0.3886428773403168,-0.06584211438894272,0.34578758478164673,-0.45511606335639954,-0.17999021708965302,0.26389676332473755,-0.29073309898376465,-0.20348919928073883,0.20413850247859955,-0.18693499267101288,-0.18196840584278107,0.1945468783378601,-0.45226171612739563,-0.08924978226423264,0.2429981380701065,-0.46994245052337646,-0.18059709668159485,0.1916273534297943,-0.3215083181858063,-0.18353155255317688,0.14834535121917725,-0.2155112624168396,-0.16031061112880707
peace,0.0,0.0,0.0,0.1010923907160759,0.04487185552716255,-0.0673583522439003,0.19476638734340668,-0.025024160742759705,-0.10008707642555237,0.18250907957553864,-0.19056953489780426,-0.1331026703119278,0.15116886794567108,-0.35534095764160156,-0.162369042634964,0.32563862204551697,-0.2727128863334656,-0.040050845593214035,0.45472845435142517,-0.36666178703308105,-0.09053657203912735,0.5362151265144348,-0.44269096851348877,-0.12195590883493423,0.5985799431800842,-0.5130293369293213,-0.13974274694919586,0.26511555910110474,-0.3853898346424103,-0.047823742032051086,0.3610273599624634,-0.5946009755134583,-0.11225361377000809,0.4207800030708313,-0.7425560355186462,-0.15485335886478424,0.4669704735279083,-0.8673834204673767,-0.17200146615505219,0.18026131391525269,-0.4317438006401062,-0.0640430897474289,0.19177323579788208,-0.4963522255420685,-0.16466021537780762,0.14734575152397156,-0.33250370621681213,-0.1896238625049591,0.11880675703287125,-0.22072464227676392,-0.1738867610692978,0.08586664497852325,-0.4380156397819519,-0.08386348932981491,0.0968991219997406,-0.46648138761520386,-0.16446423530578613,0.07441936433315277,-0.3254185914993286,-0.1697898656129837,0.061622776091098785,-0.2142164558172226,-0.15107211470603943
peace,0.0,0.0,0.0,0.10450766980648041,-0.008885293267667294,-0.04682205989956856,0.1883344203233719,-0.09605871886014938,-0.07430882751941681,0.18359951674938202,-0.2207736372947693,-0.10321187973022461,0.13995718955993652,-0.3274855315685272,-0.12976491451263428,0.25212544202804565,-0.38131335377693176,-0.03903663530945778,0.35527291893959045,-0.5003286600112915,-0.08300653845071793,0.41637107729911804,-0.5907684564590454,-0.11176855862140656,0.4636257290840149,-0.6730125546455383,-0.1287931203842163,0.18587084114551544,-0.4512932300567627,-0.051135480403900146,0.2526358962059021,-0.6705856919288635,-0.10398846864700317,0.29597797989845276,-0.8122088313102722,-0.13812780380249023,0.3271174430847168,-0.9324036836624146,-0.15367953479290009,0.1036909818649292,-0.455366313457489,-0.06814359873533249,0.13676735758781433,-0.5164148211479187,-0.14644737541675568,0.1345653384923935,-0.3692619204521179,-0.16284608840942383,0.12193121761083603,-0.26360347867012024,-0.14988012611865997,0.01873575896024704,-0.4181949198246002,-0.0877036601305008,0.0592523068189621,-0.4319632351398468,-0.14851035177707672,0.0691099688410759,-0.3067658543586731,-0.14765924215316772,0.065233513712883,-0.20850402116775513,-0.13034991919994354
peace,0.0,0.0,0.0,0.09887469559907913,-0.02596249245107174,-0.05509399250149727,0.18205904960632324,-0.11523442715406418,-0.09170301258563995,0.19337280094623566,-0.20458389818668365,-0.1295846402645111,0.14352217316627502,-0.2906404137611389,-0.16255491971969604,0.2059049904346466,-0.44351664185523987,-0.05217717960476875,0.2875332236289978,-0.6071479916572571,-0.10121732950210571,0.33566027879714966,-0.7160170078277588,-0.13095806539058685,0.376962274312973,-0.811697781085968,-0.148372620344162,0.1281472146511078,-0.4847443401813507,-0.0635087639093399,0.1749071329832077,-0.689034104347229,-0.13136444985866547,0.2114383727312088,-0.8325903415679932,-0.17131535708904266,0.23865918815135956,-0.952570915222168,-0.188813254237175,0.047219134867191315,-0.4639512300491333,-0.0800066664814949,0.10777943581342697,-0.4733165204524994,-0.16987431049346924,0.11674598604440689,-0.2998005151748657,-0.18287767469882965,0.1090756505727768,-0.1902916580438614,-0.16430102288722992,-0.025374261662364006,-0.40070730447769165,-0.1005558893084526,0.03923599421977997,-0.3718874752521515,-0.16657662391662598,0.06535724550485611,-0.24051441252231598,-0.1680898666381836,0.06947450339794159,-0.15818479657173157,-0.15137918293476105
peace,0.0,0.0,0.0,-0.11001938581466675,0.040317852050065994,-0.04841924458742142,-0.22636154294013977,-0.02324114739894867,-0.07966963201761246,-0.2420448362827301,-0.1870831400156021,-0.11486206203699112,-0.2245907038450241,-0.34298157691955566,-0.14734821021556854,-0.3217262327671051,-0.324347585439682,-0.041025783866643906,-0.4484529495239258,-0.43762990832328796,-0.08544832468032837,-0.5253363251686096,-0.5173941850662231,-0.11217345297336578,-0.5908915400505066,-0.5933961272239685,-0.12878845632076263,-0.25505948066711426,-0.43700110912323,-0.05620013549923897,-0.3578319251537323,-0.6333611607551575,-0.10856422036886215,-0.42596685886383057,-0.7575273513793945,-0.1411384493112564,-0.4821579158306122,-0.862421452999115,-0.1541203260421753,-0.16932059824466705,-0.48667749762535095,-0.07769771665334702,-0.2189912348985672,-0.4738394320011139,-0.15765659511089325,-0.1749153733253479,-0.284542977809906,-0.1686915159225464,-0.1384488195180893,-0.16714267432689667,-0.15001817047595978,-0.08034887164831161,-0.4931366741657257,-0.10234484076499939,-0.13812972605228424,-0.4670920670032501,-0.1613461673259735,-0.11459644138813019,-0.30111879110336304,-0.15397313237190247,-0.08683936297893524,-0.18753205239772797,-0.13201887905597687
peace,0.0,0.0,0.0,-0.10706250369548798,0.04433746263384819,-0.047137852758169174,-0.22699163854122162,-0.0202956460416317,-0.07579438388347626,-0.23925815522670746,-0.18852855265140533,-0.10844799131155014,-0.2231338918209076,-0.34294700622558594,-0.13863447308540344,-0.33121439814567566,-0.3078274130821228,-0.039546724408864975,-0.46102577447891235,-0.41199395060539246,-0.08454763889312744,-0.5431619882583618,-0.4843999147415161,-0.11146516352891922,-0.6124160885810852,-0.5554637312889099,-0.12894171476364136,-0.2660142481327057,-0.42745184898376465,-0.05528019741177559,-0.37265077233314514,-0.620232880115509,-0.10936452448368073,-0.4451187252998352,-0.7409124970436096,-0.14400535821914673,-0.5035071969032288,-0.8492127656936646,-0.15911678969860077,-0.17968028783798218,-0.4827521741390228,-0.07723343372344971,-0.2231704145669937,-0.47933539748191833,-0.1565994918346405,-0.17890438437461853,-0.29034143686294556,-0.16829797625541687,-0.1429082304239273,-0.1763051301240921,-0.15133166313171387,-0.088162861764431,-0.4948287010192871,-0.10241300612688065,-0.13817954063415527,-0.4608643352985382,-0.1614924520254135,-0.11254958063364029,-0.29659339785575867,-0.15574754774570465,-0.08388351649045944,-0.19091637432575226,-0.13575570285320282
peace,0.0,0.0,0.0,-0.11543872952461243,0.04297091066837311,-0.05179447680711746,-0.22322113811969757,-0.0429888516664505,-0.07892391085624695,-0.2223832905292511,-0.23069821298122406,-0.10854201018810272,-0.20619036257266998,-0.3960588276386261,-0.13478486239910126,-0.3411986827850342,-0.29120901226997375,-0.03540584444999695,-0.46744000911712646,-0.3981940448284149,-0.07726763933897018,-0.5460362434387207,-0.4703398048877716,-0.09969641268253326,-0.6131494045257568,-0.5435930490493774,-0.11289744079113007,-0.2788780629634857,-0.4213576316833496,-0.04646732658147812,-0.38287249207496643,-0.6182059645652771,-0.09652474522590637,-0.4498355984687805,-0.7420324683189392,-0.12513835728168488,-0.5031227469444275,-0.8536513447761536,-0.13471046090126038,-0.19398336112499237,-0.4840351343154907,-0.06509991735219955,-0.21638791263103485,-0.5101206302642822,-0.14320805668830872,-0.16593846678733826,-0.32424527406692505,-0.1535058468580246,-0.1312674731016159,-0.2096988409757614,-0.13392230868339539,-0.10163746029138565,-0.503734290599823,-0.08733721077442169,-0.12712238729000092,-0.5001079440116882,-0.14337153732776642,-0.09672612696886063,-0.33873069286346436,-0.13642403483390808,-0.07297572493553162,-0.23149535059928894,-0.11500025540590286
peace,0.0,0.0,0.0,0.013724472373723984,-0.21951201558113098,0.009127290919423103,-0.039766740053892136,-0.39484545588493347,-0.0037329280748963356,-0.13610170781612396,-0.4578585922718048,-0.016326282173395157,-0.21166999638080597,-0.4663222134113312,-0.030453456565737724,-0.060324545949697495,-0.47667649388313293,-0.06486347317695618,-0.1041262075304985,-0.7152303457260132,-0.10273132473230362,-0.145010307431221,-0.8636682033538818,-0.12632834911346436,-0.17813077569007874,-0.9743256568908691,-0.1376914083957672,-0.12280253320932388,-0.38776224851608276,-0.07321403920650482,-0.23454649746418,-0.5867292284965515,-0.09903671592473984,-0.31604596972465515,-0.7025520205497742,-0.10673163086175919,-0.38271042704582214,-0.775610089302063,-0.11264538019895554,-0.1746409833431244,-0.28311875462532043,-0.07367708534002304,-0.2676386833190918,-0.43269455432891846,-0.08059106767177582,-0.23687003552913666,-0.4207158088684082,-0.054293058812618256,-0.20334750413894653,-0.37328624725341797,-0.03203294426202774,-0.2109028548002243,-0.1821831315755844,-0.07323242723941803,-0.2736167311668396,-0.32394519448280334,-0.06291219592094421,-0.25125011801719666,-0.32178646326065063,-0.028805863112211227,-0.22121118009090424,-0.29260915517807007,4.270342833478935e-05
peace,0.0,0.0,0.0,0.011942341923713684,-0.21632345020771027,0.017000343650579453,-0.04764807969331741,-0.39616650342941284,0.00690722418949008,-0.15005798637866974,-0.45285382866859436,-0.006887658499181271,-0.2289772480726242,-0.4495283365249634,-0.02216745913028717,-0.048939794301986694,-0.5099439024925232,-0.045514561235904694,-0.09859306365251541,-0.7366945147514343,-0.07895020395517349,-0.13732507824897766,-0.8786768317222595,-0.09748438745737076,-0.17040905356407166,-0.9795889854431152,-0.10661236196756363,-0.10228023678064346,-0.4279605746269226,-0.06359036266803741,-0.2075008898973465,-0.6222147941589355,-0.09332635998725891,-0.28115037083625793,-0.73860102891922,-0.10405465960502625,-0.3435841500759125,-0.8143373727798462,-0.11171028763055801,-0.15298517048358917,-0.32810261845588684,-0.07487179338932037,-0.2591426372528076,-0.4582606256008148,-0.09149698168039322,-0.2324741929769516,-0.4172269105911255,-0.07178404182195663,-0.20094431936740875,-0.3641662299633026,-0.05223279446363449,-0.19339604675769806,-0.2293575257062912,-0.08446335047483444,-0.26863744854927063,-0.3499293923377991,-0.08485718816518784,-0.2471933662891388,-0.33405014872550964,-0.058997295796871185,-0.21735891699790955,-0.30303671956062317,-0.03542593866586685
peace,0.0,0.0,0.0,0.057366956025362015,-0.2157495766878128,-0.015970788896083832,0.033669110387563705,-0.40206995606422424,-0.03370532765984535,-0.04011406749486923,-0.5021711587905884,-0.04340663552284241,-0.10680219531059265,-0.538486897945404,-0.051895871758461,0.000933147850446403,-0.4568157196044922,-0.09654457867145538,-0.004550620913505554,-0.7025437355041504,-0.14315803349018097,-0.031640175729990005,-0.8575177788734436,-0.17600440979003906,-0.05716930702328682,-0.9790183305740356,-0.19558864831924438,-0.07963564246892929,-0.39663976430892944,-0.09087435901165009,-0.16342122852802277,-0.6304043531417847,-0.12604786455631256,-0.22142735123634338,-0.7828856706619263,-0.13794195652008057,-0.2745332717895508,-0.8903680443763733,-0.14730115234851837,-0.14277079701423645,-0.32651785016059875,-0.0788348913192749,-0.18473538756370544,-0.5326029062271118,-0.0963352620601654,-0.1418793946504593,-0.5309517979621887,-0.07726705819368362,-0.10834382474422455,-0.47178736329078674,-0.059099286794662476,-0.18446733057498932,-0.2621646821498871,-0.06754522770643234,-0.19668306410312653,-0.4513877034187317,-0.073215052485466,-0.16553844511508942,-0.44635245203971863,-0.050275128334760666,-0.13794583082199097,-0.3976546823978424,-0.028127025812864304
peace,0.0,0.0,0.0,-0.019478149712085724,-0.2222883403301239,-0.0010118283098563552,-0.10609331727027893,-0.3963460624217987,-0.03767510503530502,-0.22437286376953125,-0.4252592623233795,-0.0759376585483551,-0.29552188515663147,-0.38955551385879517,-0.11834120005369186,-0.03564057499170303,-0.4938787519931793,-0.105811208486557,-0.11427953094244003,-0.7205214500427246,-0.15833820402622223,-0.16779327392578125,-0.8549428582191467,-0.18937094509601593,-0.21052990853786469,-0.9547154307365417,-0.21022748947143555,-0.045392971485853195,-0.3790929913520813,-0.1319853961467743,-0.1621706634759903,-0.5747681856155396,-0.19134962558746338,-0.2566276788711548,-0.6944045424461365,-0.21768879890441895,-0.3301598131656647,-0.7765684127807617,-0.2364988923072815,-0.08246718347072601,-0.2531548738479614,-0.15023452043533325,-0.2582511603832245,-0.38259315490722656,-0.18950538337230682,-0.2455674260854721,-0.34496763348579407,-0.17023921012878418,-0.2014758437871933,-0.30928120017051697,-0.15059266984462738,-0.1294804960489273,-0.14280948042869568,-0.1673436015844345,-0.27453404664993286,-0.2596185505390167,-0.18673603236675262,-0.2586967647075653,-0.2426447570323944,-0.16117481887340546,-0.21191200613975525,-0.21729543805122375,-0.137928307056427
peace,0.0,0.0,0.0,0.08013924956321716,-0.18439695239067078,-0.015437621623277664,0.0784301683306694,-0.3794732391834259,-0.03485634922981262,0.012652609497308731,-0.4990098774433136,-0.04669573903083801,-0.05059346929192543,-0.5408104062080383,-0.05780218169093132,0.05105932801961899,-0.43880850076675415,-0.10334108024835587,0.06421038508415222,-0.6783612966537476,-0.15498249232769012,0.05518464371562004,-0.8361037969589233,-0.18938861787319183,0.043755508959293365,-0.9612244367599487,-0.20911213755607605,-0.039814360439777374,-0.4196380078792572,-0.09766178578138351,-0.09209633618593216,-0.6793316006660461,-0.13593631982803345,-0.13157832622528076,-0.8487067222595215,-0.14914731681346893,-0.17249242961406708,-0.9723706841468811,-0.15729479491710663,-0.11069903522729874,-0.3830137848854065,-0.08510157465934753,-0.1157793402671814,-0.5564701557159424,-0.10206106305122375,-0.07365039736032486,-0.5323147177696228,-0.08603224903345108,-0.04801551252603531,-0.4690142273902893,-0.06909429281949997,-0.15798793733119965,-0.3396967947483063,-0.07347887009382248,-0.1288551688194275,-0.48034101724624634,-0.0763886570930481,-0.09918468445539474,-0.4540152847766876,-0.056357577443122864,-0.07964132726192474,-0.4005981981754303,-0.036124084144830704
peace,0.0,0.0,0.0,0.06469792872667313,-0.20180676877498627,-0.01954500935971737,0.048617634922266006,-0.3908211588859558,-0.041238777339458466,-0.019624223932623863,-0.5017227530479431,-0.05413307249546051,-0.08518005162477493,-0.5425934195518494,-0.06589213013648987,0.02067585289478302,-0.4503858685493469,-0.10301945358514786,0.04076601192355156,-0.7009547352790833,-0.14706021547317505,0.035012926906347275,-0.8604146242141724,-0.17475305497646332,0.025975370779633522,-0.9815202355384827,-0.18958677351474762,-0.06302725523710251,-0.40172797441482544,-0.0939696654677391,-0.14518679678440094,-0.6341505646705627,-0.1295522004365921,-0.20721344649791718,-0.7781960368156433,-0.14177654683589935,-0.2620777487754822,-0.8787405490875244,-0.14952708780765533,-0.1273566037416458,-0.3416811525821686,-0.07757504284381866,-0.14455658197402954,-0.5189574956893921,-0.09444092214107513,-0.10324354469776154,-0.49797314405441284,-0.07647000253200531,-0.07612023502588272,-0.43564319610595703,-0.058202628046274185,-0.17037059366703033,-0.2867456376552582,-0.06185285374522209,-0.15374042093753815,-0.43664249777793884,-0.06406062841415405,-0.12373892962932587,-0.4130672514438629,-0.04069918394088745,-0.10229316353797913,-0.3628068268299103,-0.01798130013048649
peace,0.0,0.0,0.0,0.059254374355077744,-0.2012825906276703,-0.01235722005367279,0.04277099668979645,-0.39668193459510803,-0.03176780790090561,-0.02434936724603176,-0.5101534128189087,-0.044141508638858795,-0.09058360755443573,-0.5486688017845154,-0.05538477748632431,0.019506029784679413,-0.45565906167030334,-0.09671168774366379,0.01724179834127426,-0.7106603980064392,-0.141404926776886,-0.002254863502457738,-0.8657770752906799,-0.16840478777885437,-0.02237287536263466,-0.9830247759819031,-0.1821039319038391,-0.06298285722732544,-0.40483975410461426,-0.0922522097826004,-0.14342452585697174,-0.6531371474266052,-0.12823350727558136,-0.20176172256469727,-0.8044102191925049,-0.13861726224422455,-0.25479406118392944,-0.9084623456001282,-0.14438538253307343,-0.130242258310318,-0.3418114185333252,-0.08040200918912888,-0.16059325635433197,-0.5218148231506348,-0.09542352706193924,-0.12184718251228333,-0.49842727184295654,-0.07387946546077728,-0.09560096263885498,-0.4346453547477722,-0.05280187726020813,-0.17694999277591705,-0.2816063165664673,-0.06917222589254379,-0.1700376719236374,-0.4353092312812805,-0.06722331792116165,-0.14204944670200348,-0.40825730562210083,-0.04051973670721054,-0.1203341856598854,-0.3539280295372009,-0.015493468381464481
peace,0.0,0.0,0.0,0.058041252195835114,-0.20045340061187744,-0.011179303750395775,0.03699867054820061,-0.3904424011707306,-0.030692577362060547,-0.03392963856458664,-0.4955300986766815,-0.0443929024040699,-0.09757105261087418,-0.5315004587173462,-0.0577877052128315,0.013435904867947102,-0.4484495222568512,-0.09510566294193268,0.0012293611653149128,-0.7099190354347229,-0.13813887536525726,-0.022717462852597237,-0.8649490475654602,-0.16232173144817352,-0.0449899360537529,-0.9837971925735474,-0.17354822158813477,-0.07039101421833038,-0.3979848027229309,-0.09206552803516388,-0.14101047813892365,-0.6528024077415466,-0.12668709456920624,-0.1974625587463379,-0.8120829463005066,-0.13554424047470093,-0.2521633803844452,-0.9215543866157532,-0.13958601653575897,-0.1369565725326538,-0.3348557651042938,-0.08163083344697952,-0.16890431940555573,-0.5201186537742615,-0.09717944264411926,-0.1268688440322876,-0.502984881401062,-0.07793458551168442,-0.09890434890985489,-0.4403979480266571,-0.05759624391794205,-0.1808820217847824,-0.2711935341358185,-0.07146547734737396,-0.1823858767747879,-0.43890342116355896,-0.06994415819644928,-0.15136876702308655,-0.4222640097141266,-0.043834708631038666,-0.12626977264881134,-0.36707550287246704,-0.01892748288810253
peace,0.0,0.0,0.0,0.05401384457945824,-0.1990836262702942,-0.015986012294888496,0.02799092046916485,-0.3967042863368988,-0.03696248307824135,-0.0499625988304615,-0.49736297130584717,-0.0529283732175827,-0.11357995867729187,-0.5230180025100708,-0.0691043958067894,0.009554203599691391,-0.4449909031391144,-0.09444887191057205,-0.01913575828075409,-0.7121811509132385,-0.1347900778055191,-0.04933120310306549,-0.8671233057975769,-0.15343643724918365,-0.07615125179290771,-0.98405921459198,-0.16071249544620514,-0.07171685248613358,-0.3945865333080292,-0.09269377589225769,-0.13895006477832794,-0.6547086238861084,-0.13094672560691833,-0.19347982108592987,-0.8224716782569885,-0.14167024195194244,-0.24584664404392242,-0.9381185173988342,-0.14565563201904297,-0.14035801589488983,-0.3345666229724884,-0.08433932811021805,-0.17310969531536102,-0.5278438925743103,-0.10513652116060257,-0.12806828320026398,-0.5189592242240906,-0.08860272169113159,-0.09825198352336884,-0.4648980498313904,-0.06855612993240356,-0.18775898218154907,-0.27565816044807434,-0.07657524198293686,-0.19069606065750122,-0.4512297213077545,-0.07806427031755447,-0.15620073676109314,-0.44609853625297546,-0.05428890511393547,-0.13138481974601746,-0.3966761827468872,-0.030996281653642654
peace,0.0,0.0,0.0,0.05316337198019028,-0.19516834616661072,-0.01779325306415558,0.024116793647408485,-0.40111878514289856,-0.03858267143368721,-0.05402607470750809,-0.5040256977081299,-0.05514182150363922,-0.12277179211378098,-0.5191481709480286,-0.0717545673251152,0.007950165309011936,-0.44806376099586487,-0.08642560243606567,-0.03214327618479729,-0.719455897808075,-0.12317728251218796,-0.06741016358137131,-0.8697173595428467,-0.1383475959300995,-0.09833355247974396,-0.9847951531410217,-0.14320969581604004,-0.0717010498046875,-0.3908758759498596,-0.08786020427942276,-0.14962854981422424,-0.6606755256652832,-0.1257791966199875,-0.20551900565624237,-0.8286247253417969,-0.1350841075181961,-0.2571425139904022,-0.9471927881240845,-0.13704238831996918,-0.13798144459724426,-0.32477495074272156,-0.08388014137744904,-0.17940829694271088,-0.5312336683273315,-0.11121737957000732,-0.13694387674331665,-0.5103474855422974,-0.09552059322595596,-0.10935195535421371,-0.4495353698730469,-0.07364436239004135,-0.1844225972890854,-0.26210007071495056,-0.08046538382768631,-0.19432419538497925,-0.4519784450531006,-0.08664637804031372,-0.16125985980033875,-0.4390559196472168,-0.061847858130931854,-0.13879676163196564,-0.38496965169906616,-0.03708333149552345
peace,0.0,0.0,0.0,-0.08744268119335175,-0.05315449461340904,-0.03911784291267395,-0.1490904986858368,-0.18419811129570007,-0.06386508792638779,-0.0975414291024208,-0.29188546538352966,-0.0914216861128807,-0.03512943536043167,-0.37241411209106445,-0.11764845997095108,-0.15776266157627106,-0.452720046043396,-0.04832081496715546,-0.20839393138885498,-0.6366802453994751,-0.09122816473245621,-0.2345423400402069,-0.7538097500801086,-0.11418654024600983,-0.2533164620399475,-0.8630872964859009,-0.12813091278076172,-0.08112955838441849,-0.49541592597961426,-0.06056075170636177,-0.09052056074142456,-0.7145265340805054,-0.10780423134565353,-0.08743545413017273,-0.8587720990180969,-0.13496434688568115,-0.08015526086091995,-0.9860363602638245,-0.14597071707248688,-0.006695379037410021,-0.47071394324302673,-0.07718627899885178,-0.0068508959375321865,-0.45285019278526306,-0.13787579536437988,-0.024011775851249695,-0.2908347547054291,-0.14702777564525604,-0.035487379878759384,-0.1929776966571808,-0.1347304880619049,0.060335349291563034,-0.40235406160354614,-0.09720693528652191,0.047262195497751236,-0.3529631197452545,-0.14106446504592896,0.02020913176238537,-0.22755366563796997,-0.1388133466243744,-0.0013552384916692972,-0.1471368372440338,-0.12556111812591553
peace,0.0,0.0,0.0,-0.05469408631324768,-0.11103273183107376,-0.04211478307843208,-0.07467914372682571,-0.27986645698547363,-0.06932788342237473,-0.00542103685438633,-0.33744341135025024,-0.09868015348911285,0.0720914825797081,-0.36221858859062195,-0.12631423771381378,0.003991172648966312,-0.5278658270835876,-0.05670647695660591,0.02163974940776825,-0.7432093620300293,-0.10222262144088745,0.035989414900541306,-0.87482088804245,-0.1257038712501526,0.054960947483778,-0.9886403679847717,-0.13989102840423584,0.07926736027002335,-0.494581013917923,-0.06785552203655243,0.1390029639005661,-0.7029968500137329,-0.11811666935682297,0.1880130022764206,-0.8353984951972961,-0.1455422192811966,0.23654811084270477,-0.9447814226150513,-0.156549870967865,0.1325104981660843,-0.4067460298538208,-0.0830458551645279,0.1334872543811798,-0.4105277955532074,-0.14634372293949127,0.06809516996145248,-0.28436434268951416,-0.15408585965633392,0.027674183249473572,-0.2008456289768219,-0.1403413861989975,0.16809086501598358,-0.29207643866539,-0.10199718922376633,0.14178971946239471,-0.25141292810440063,-0.15044943988323212,0.0808412954211235,-0.16389331221580505,-0.1509227305650711,0.03942658752202988,-0.10827125608921051,-0.1385638266801834
peace,0.0,0.0,0.0,-0.061822373420000076,-0.10330521315336227,-0.04344317689538002,-0.08424296975135803,-0.2644653916358948,-0.07392416894435883,-0.016396448016166687,-0.3230704367160797,-0.10632588714361191,0.06048190966248512,-0.36067113280296326,-0.13649287819862366,-0.006175163201987743,-0.5249384045600891,-0.06179723143577576,0.014437204226851463,-0.7443413734436035,-0.10752646625041962,0.031341083347797394,-0.8745872378349304,-0.12945406138896942,0.05363871157169342,-0.9884002208709717,-0.14208416640758514,0.06974590569734573,-0.49295833706855774,-0.07248518615961075,0.13569581508636475,-0.692680299282074,-0.12497573345899582,0.18811000883579254,-0.8240389823913574,-0.1518876850605011,0.2385215163230896,-0.9385648369789124,-0.1618853360414505,0.1221228614449501,-0.4105037748813629,-0.08696118742227554,0.11912315338850021,-0.3992696702480316,-0.1508047878742218,0.050306838005781174,-0.27810072898864746,-0.15804369747638702,0.007267993874847889,-0.20318058133125305,-0.14405354857444763,0.15606433153152466,-0.30041489005088806,-0.10531889647245407,0.12955917418003082,-0.25067076086997986,-0.15258996188640594,0.0653243139386177,-0.16151098906993866,-0.1522800475358963,0.020868243649601936,-0.10761802643537521,-0.13956215977668762
open_palm,0.0,0.0,0.0,0.10621530562639236,0.09230947494506836,-0.10248269140720367,0.20590752363204956,0.12792955338954926,-0.1693761944770813,0.28725185990333557,0.19952115416526794,-0.2272515892982483,0.36124783754348755,0.3040013611316681,-0.2891174852848053,0.24808208644390106,-0.24544352293014526,-0.14054109156131744,0.34213900566101074,-0.38388127088546753,-0.21011874079704285,0.39988064765930176,-0.48638978600502014,-0.26301997900009155,0.45216184854507446,-0.5918267965316772,-0.3028774559497833,0.19910743832588196,-0.36810189485549927,-0.13215133547782898,0.28188812732696533,-0.5829997062683105,-0.20000138878822327,0.32959428429603577,-0.7316699624061584,-0.2556536793708801,0.3732173442840576,-0.87482088804245,-0.297603964805603,0.13486246764659882,-0.4335142970085144,-0.1300778090953827,0.20056045055389404,-0.6423025131225586,-0.19121287763118744,0.24704428017139435,-0.7868271470069885,-0.2402597814798355,0.2906596064567566,-0.9166564345359802,-0.2743317782878876,0.06275826692581177,-0.4564327299594879,-0.13588672876358032,0.10692646354436874,-0.6327953934669495,-0.1863323599100113,0.14019781351089478,-0.7504643201828003,-0.21816912293434143,0.17749164998531342,-0.8573547005653381,-0.2418094426393509
open_palm,0.0,0.0,0.0,0.10950181633234024,0.08447340875864029,-0.09338700771331787,0.21031861007213593,0.11587025970220566,-0.15486858785152435,0.2917567193508148,0.18130919337272644,-0.20902852714061737,0.36602526903152466,0.2831001281738281,-0.2669689953327179,0.24909694492816925,-0.25550907850265503,-0.12384957820177078,0.3431190252304077,-0.39956408739089966,-0.18909992277622223,0.40072962641716003,-0.5041661858558655,-0.23917464911937714,0.4523729383945465,-0.6103654503822327,-0.276753306388855,0.1982039213180542,-0.37227651476860046,-0.11925670504570007,0.2816714346408844,-0.5890499353408813,-0.18257954716682434,0.3304559588432312,-0.737445056438446,-0.23503169417381287,0.3744896948337555,-0.8784839510917664,-0.2740267813205719,0.13215407729148865,-0.43377041816711426,-0.12103214114904404,0.201498344540596,-0.6450352072715759,-0.17854417860507965,0.2502514123916626,-0.789520800113678,-0.224459707736969,0.29619139432907104,-0.9202471375465393,-0.25576531887054443,0.057570621371269226,-0.4551306664943695,-0.13018156588077545,0.10220442712306976,-0.6325747966766357,-0.17808790504932404,0.13632112741470337,-0.7495090961456299,-0.2069697231054306,0.17528925836086273,-0.8570926785469055,-0.22765791416168213
open_palm,0.0,0.0,0.0,0.11547968536615372,0.07395723462104797,-0.07762251794338226,0.22554200887680054,0.09896168857812881,-0.12867534160614014,0.31647518277168274,0.14841832220554352,-0.17517176270484924,0.39877036213874817,0.22878943383693695,-0.22485396265983582,0.2551189363002777,-0.27863752841949463,-0.09887434542179108,0.3510570526123047,-0.4193570911884308,-0.15755699574947357,0.4082378149032593,-0.5235769748687744,-0.2032705843448639,0.4597609341144562,-0.6303523182868958,-0.2374984472990036,0.20063848793506622,-0.39236488938331604,-0.0996236801147461,0.28396275639533997,-0.6035563945770264,-0.15450440347194672,0.3323749601840973,-0.7519311308860779,-0.20022612810134888,0.3747415244579315,-0.8915780782699585,-0.23443317413330078,0.13098739087581635,-0.44761377573013306,-0.10648861527442932,0.1973564624786377,-0.6566492915153503,-0.15738898515701294,0.24326491355895996,-0.7993005514144897,-0.19565653800964355,0.2874835729598999,-0.9317671060562134,-0.2217281460762024,0.052415985614061356,-0.461246520280838,-0.11995774507522583,0.09007978439331055,-0.6373493671417236,-0.16459816694259644,0.12108342349529266,-0.7534976601600647,-0.18850059807300568,0.15737420320510864,-0.8622249364852905,-0.20453137159347534
open_palm,0.0,0.0,0.0,0.12148191779851913,0.07005510479211807,-0.08242650330066681,0.23336976766586304,0.08181171864271164,-0.135387122631073,0.3299158215522766,0.11063490062952042,-0.18290136754512787,0.41774818301200867,0.16858430206775665,-0.2340938150882721,0.2524486184120178,-0.28623929619789124,-0.10823103040456772,0.34636354446411133,-0.4313565790653229,-0.1712637096643448,0.404473215341568,-0.5365515351295471,-0.21934263408184052,0.45615354180336,-0.6421448588371277,-0.25526124238967896,0.19619394838809967,-0.3952935039997101,-0.10854150354862213,0.278393417596817,-0.607915997505188,-0.16887323558330536,0.3291207551956177,-0.7549370527267456,-0.2181515097618103,0.3732207417488098,-0.8920009136199951,-0.25503045320510864,0.1243601143360138,-0.4441397488117218,-0.11535560339689255,0.1883387416601181,-0.652765154838562,-0.17251116037368774,0.2366679161787033,-0.7960639595985413,-0.21526260673999786,0.2837190628051758,-0.9263919591903687,-0.24472962319850922,0.04438081756234169,-0.4503573775291443,-0.1288047432899475,0.0795009583234787,-0.6234285235404968,-0.17976458370685577,0.11054171621799469,-0.7395220398902893,-0.20844542980194092,0.1472063809633255,-0.8468390703201294,-0.22838357090950012
open_palm,0.0,0.0,0.0,0.12852013111114502,0.06657177954912186,-0.08701382577419281,0.24096395075321198,0.06280478835105896,-0.14170490205287933,0.33666539192199707,0.07875730097293854,-0.19032974541187286,0.4270256459712982,0.12704697251319885,-0.2429596334695816,0.25422796607017517,-0.2998315691947937,-0.1139746829867363,0.3444879949092865,-0.45547106862068176,-0.17970435321331024,0.4021803140640259,-0.5656352639198303,-0.22966957092285156,0.4525405466556549,-0.6714597940444946,-0.26729685068130493,0.19358430802822113,-0.3984145224094391,-0.114044189453125,0.270940363407135,-0.6151015162467957,-0.1777437925338745,0.3210509717464447,-0.760104238986969,-0.2299979329109192,0.3642779588699341,-0.8913958072662354,-0.26965704560279846,0.11868459731340408,-0.4394596517086029,-0.12150502949953079,0.17737075686454773,-0.6471337080001831,-0.18367943167686462,0.22374708950519562,-0.7880876064300537,-0.23100605607032776,0.26883500814437866,-0.9128538966178894,-0.26396527886390686,0.037332795560359955,-0.4400377571582794,-0.13585637509822845,0.06783510744571686,-0.6136547923088074,-0.19243010878562927,0.09524959325790405,-0.7325398325920105,-0.22629113495349884,0.12842333316802979,-0.8430766463279724,-0.2504860758781433
open_palm,0.0,0.0,0.0,0.1334141194820404,0.06189567223191261,-0.08585720509290695,0.24479910731315613,0.05145445466041565,-0.14038459956645966,0.3384312093257904,0.062187157571315765,-0.18937522172927856,0.4281207323074341,0.09600374102592468,-0.2427866905927658,0.24812117218971252,-0.3074285387992859,-0.11570145934820175,0.33888277411460876,-0.4650755226612091,-0.18255019187927246,0.3957161605358124,-0.5723604559898376,-0.2333877682685852,0.44597405195236206,-0.6756534576416016,-0.2721523940563202,0.18414084613323212,-0.3991347849369049,-0.11795879900455475,0.259113609790802,-0.6135329008102417,-0.18462413549423218,0.3086807131767273,-0.7572767734527588,-0.24091802537441254,0.35295501351356506,-0.8913180232048035,-0.28456106781959534,0.10758215934038162,-0.43570518493652344,-0.12751655280590057,0.16572681069374084,-0.6371047496795654,-0.19344480335712433,0.21234047412872314,-0.7746060490608215,-0.24517512321472168,0.2575528025627136,-0.8983144760131836,-0.28176385164260864,0.026112891733646393,-0.4325859844684601,-0.14359477162361145,0.05549357831478119,-0.602765679359436,-0.2038581520318985,0.08208107948303223,-0.7212021350860596,-0.24176713824272156,0.11315590143203735,-0.8326238393783569,-0.2695631682872772
open_palm,0.0,0.0,0.0,0.1368144005537033,0.05665472894906998,-0.08566486835479736,0.24729464948177338,0.040866367518901825,-0.13939343392848969,0.3394131660461426,0.047221459448337555,-0.18767057359218597,0.4297117590904236,0.07469845563173294,-0.24042707681655884,0.24623025953769684,-0.31783589720726013,-0.11132129281759262,0.332888126373291,-0.47829169034957886,-0.17706213891506195,0.3883945941925049,-0.5887122750282288,-0.2282184511423111,0.43647101521492004,-0.6927013993263245,-0.26753124594688416,0.18258075416088104,-0.4051993787288666,-0.1141452044248581,0.25592827796936035,-0.6220554709434509,-0.1797586977481842,0.30574700236320496,-0.7648339867591858,-0.23685652017593384,0.3483094573020935,-0.8942303657531738,-0.2811274528503418,0.10658952593803406,-0.43843668699264526,-0.12480899691581726,0.16330982744693756,-0.6443735957145691,-0.19166143238544464,0.20979756116867065,-0.7852757573127747,-0.24614359438419342,0.25403064489364624,-0.9113317131996155,-0.2844725549221039,0.02536151371896267,-0.4333474040031433,-0.14186464250087738,0.05157339572906494,-0.6086024641990662,-0.20407137274742126,0.07694269716739655,-0.7290393114089966,-0.24419419467449188,0.10773352533578873,-0.8420325517654419,-0.27361446619033813
open_palm,0.0,0.0,0.0,0.1366901397705078,0.04075121507048607,-0.0759730413556099,0.2482929527759552,0.010909310542047024,-0.12482358515262604,0.3421388566493988,0.0034955604933202267,-0.1693400889635086,0.43003809452056885,0.02001931145787239,-0.21841804683208466,0.2410779446363449,-0.32911089062690735,-0.10661724209785461,0.3248692452907562,-0.49209511280059814,-0.17130500078201294,0.3779257833957672,-0.6051068305969238,-0.22008195519447327,0.4244268834590912,-0.7127993106842041,-0.257224977016449,0.1761215180158615,-0.41261374950408936,-0.11237508803606033,0.2441125363111496,-0.6257917881011963,-0.1769723892211914,0.28964605927467346,-0.7703691124916077,-0.23035350441932678,0.32976022362709045,-0.9042685031890869,-0.27121347188949585,0.09906978905200958,-0.44094109535217285,-0.1247633621096611,0.1521470993757248,-0.646949291229248,-0.1898043304681778,0.19498759508132935,-0.7871120572090149,-0.23848792910575867,0.2367098033428192,-0.9148831367492676,-0.27230891585350037,0.016536986455321312,-0.42880597710609436,-0.14267085492610931,0.03983371704816818,-0.600930392742157,-0.2037845104932785,0.06165750324726105,-0.7219821214675903,-0.24025754630565643,0.08877427875995636,-0.8374885320663452,-0.2658592164516449
open_palm,0.0,0.0,0.0,0.13309691846370697,0.023880556225776672,-0.06974928081035614,0.2458697259426117,-0.013353216461837292,-0.11401095241308212,0.3371875286102295,-0.03147829696536064,-0.15419608354568481,0.42050591111183167,-0.025155752897262573,-0.19846314191818237,0.23293830454349518,-0.3493613302707672,-0.09595583379268646,0.31066691875457764,-0.5180001258850098,-0.15563637018203735,0.35797083377838135,-0.6345332860946655,-0.20102742314338684,0.3987308144569397,-0.743415892124176,-0.23537081480026245,0.1652134656906128,-0.42530402541160583,-0.10216295719146729,0.22789524495601654,-0.6400985717773438,-0.16124290227890015,0.27100038528442383,-0.7856362462043762,-0.21013514697551727,0.3089698553085327,-0.9183849692344666,-0.2471977323293686,0.08769126236438751,-0.4452422261238098,-0.1147100031375885,0.1375569850206375,-0.6530321836471558,-0.17454467713832855,0.17875292897224426,-0.7947155833244324,-0.2194814682006836,0.2193107008934021,-0.9234862327575684,-0.2504749894142151,0.006291422061622143,-0.42486804723739624,-0.132413849234581,0.024801088497042656,-0.5970140695571899,-0.19012799859046936,0.043313879519701004,-0.7183807492256165,-0.2239045798778534,0.06750231981277466,-0.8349350690841675,-0.24684906005859375
open_palm,0.0,0.0,0.0,0.13406632840633392,0.019856134429574013,-0.07034105807542801,0.24501478672027588,-0.023827390745282173,-0.11612288653850555,0.33744776248931885,-0.04404595494270325,-0.15797191858291626,0.42408615350723267,-0.044121693819761276,-0.20407135784626007,0.23220424354076385,-0.3523925542831421,-0.09852853417396545,0.3095971941947937,-0.5213347673416138,-0.16024157404899597,0.3567381501197815,-0.6397117972373962,-0.20732447504997253,0.3981136083602905,-0.7487888932228088,-0.24310722947120667,0.16489490866661072,-0.42375093698501587,-0.10572227090597153,0.2257699817419052,-0.6367810964584351,-0.16771386563777924,0.26860320568084717,-0.782662034034729,-0.21979567408561707,0.3073943853378296,-0.9154149889945984,-0.2598540186882019,0.08711110800504684,-0.4401147961616516,-0.119295135140419,0.13441163301467896,-0.6411420106887817,-0.1818961799144745,0.17474491894245148,-0.7791447043418884,-0.22938326001167297,0.21444834768772125,-0.9032469391822815,-0.26250171661376953,0.005463556386530399,-0.4162437617778778,-0.13797934353351593,0.022760964930057526,-0.5861521363258362,-0.19750268757343292,0.04036106914281845,-0.7067409753799438,-0.23337917029857635,0.06317450851202011,-0.8226318955421448,-0.25854557752609253
open_palm,0.0,0.0,0.0,0.13451090455055237,0.0096300533041358,-0.0626705139875412,0.2430887073278427,-0.04920080304145813,-0.10397440940141678,0.3340022563934326,-0.07411684095859528,-0.14253075420856476,0.4179692268371582,-0.07891486585140228,-0.18621377646923065,0.22458091378211975,-0.36326879262924194,-0.09226970374584198,0.29478275775909424,-0.5370439887046814,-0.15252289175987244,0.3381328284740448,-0.6570037603378296,-0.19843141734600067,0.3773616850376129,-0.7675180435180664,-0.23386625945568085,0.1570190042257309,-0.4256095290184021,-0.10335022211074829,0.21229375898838043,-0.6370527744293213,-0.16568587720394135,0.2515399754047394,-0.7853615283966064,-0.21855442225933075,0.2880652844905853,-0.9218370318412781,-0.2592969536781311,0.07898370176553726,-0.43295472860336304,-0.12020917236804962,0.1206885576248169,-0.6347746849060059,-0.18390049040317535,0.15713989734649658,-0.7755095958709717,-0.23193787038326263,0.19362927973270416,-0.9031921625137329,-0.26537445187568665,-0.003209201153367758,-0.3999219238758087,-0.1413796991109848,0.009935615584254265,-0.569297194480896,-0.20235194265842438,0.026078740134835243,-0.6891049742698669,-0.2390591949224472,0.04797597602009773,-0.8056299090385437,-0.2648867666721344
open_palm,0.0,0.0,0.0,0.13126739859580994,0.0066688172519207,-0.06439139693975449,0.23836278915405273,-0.056457217782735825,-0.10808250308036804,0.3279489576816559,-0.0845726877450943,-0.14837732911109924,0.41135352849960327,-0.0932101234793663,-0.1943579614162445,0.21666839718818665,-0.3662301301956177,-0.10120389610528946,0.28484129905700684,-0.5416770577430725,-0.16376592218875885,0.3270559012889862,-0.6628277897834778,-0.2108580768108368,0.3650895953178406,-0.7724382877349854,-0.24696339666843414,0.1483532041311264,-0.42421284317970276,-0.11190591752529144,0.2016700804233551,-0.6387979984283447,-0.17660850286483765,0.24083009362220764,-0.7856259942054749,-0.23112191259860992,0.2777913808822632,-0.920961856842041,-0.2732420861721039,0.07074540853500366,-0.4277488887310028,-0.12786585092544556,0.11105407029390335,-0.6340813636779785,-0.19329489767551422,0.14676731824874878,-0.7785855531692505,-0.24336911737918854,0.18228575587272644,-0.9091180562973022,-0.27859625220298767,-0.01002434454858303,-0.39013099670410156,-0.14783132076263428,0.0016083179507404566,-0.5606009364128113,-0.21004584431648254,0.01636534184217453,-0.6808019876480103,-0.24788181483745575,0.03589027747511864,-0.7982931733131409,-0.2749265432357788
open_palm,0.0,0.0,0.0,0.1303468495607376,-0.00593378022313118,-0.05985252559185028,0.2345656156539917,-0.082098089158535,-0.09989997744560242,0.3230760395526886,-0.12133602052927017,-0.13713517785072327,0.4058203399181366,-0.14037583768367767,-0.1793973296880722,0.20997151732444763,-0.38722294569015503,-0.09001743048429489,0.27254819869995117,-0.5652421712875366,-0.14895033836364746,0.31251221895217896,-0.6864194869995117,-0.19385939836502075,0.3488248884677887,-0.7963459491729736,-0.22843825817108154,0.1421298086643219,-0.4408106803894043,-0.10169252753257751,0.19182583689689636,-0.6546511054039001,-0.1626487523317337,0.22953714430332184,-0.7997565269470215,-0.21339702606201172,0.2642554044723511,-0.9308832883834839,-0.25224074721336365,0.06473392248153687,-0.4386059045791626,-0.11892705410718918,0.10064541548490524,-0.6491824984550476,-0.18128933012485504,0.13421940803527832,-0.7958744764328003,-0.22775928676128387,0.16800902783870697,-0.9279444813728333,-0.2600506544113159,-0.016166549175977707,-0.3950187861919403,-0.14005950093269348,-0.010671313852071762,-0.5673580169677734,-0.20029222965240479,0.0016051011625677347,-0.6884777545928955,-0.23579420149326324,0.019455187022686005,-0.8068646788597107,-0.260549932718277
open_palm,0.0,0.0,0.0,0.1290280669927597,-0.022987063974142075,-0.050352081656455994,0.23170334100723267,-0.11239808797836304,-0.084673210978508,0.31713441014289856,-0.16223210096359253,-0.11799533665180206,0.3965219259262085,-0.18570856750011444,-0.15587402880191803,0.20266962051391602,-0.4042673707008362,-0.07420995831489563,0.26294952630996704,-0.5841506123542786,-0.1287478357553482,0.30234086513519287,-0.7031146287918091,-0.17094533145427704,0.3382977545261383,-0.8112680315971375,-0.20318280160427094,0.13473902642726898,-0.45158031582832336,-0.08831053227186203,0.18115857243537903,-0.6660274863243103,-0.14446468651294708,0.2175201028585434,-0.8106284141540527,-0.1918479949235916,0.25071871280670166,-0.9408616423606873,-0.22785845398902893,0.05922356992959976,-0.4440743327140808,-0.10759058594703674,0.0905953049659729,-0.6484586000442505,-0.16464003920555115,0.12358014285564423,-0.7908331751823425,-0.20639750361442566,0.1571701169013977,-0.9206913709640503,-0.23513706028461456,-0.019145777449011803,-0.39600083231925964,-0.1304345726966858,-0.014571919105947018,-0.5645889043807983,-0.18545874953269958,-0.004097345285117626,-0.6841082572937012,-0.2165682315826416,0.01099775917828083,-0.8037680983543396,-0.23784908652305603
open_palm,0.0,0.0,0.0,0.13198772072792053,-0.03354470059275627,-0.04480140656232834,0.2322344034910202,-0.1313735842704773,-0.07531985640525818,0.3153434693813324,-0.18537841737270355,-0.10622972995042801,0.39279454946517944,-0.2100639045238495,-0.14195454120635986,0.20336121320724487,-0.41428226232528687,-0.06226736679673195,0.26066312193870544,-0.5950623750686646,-0.11370672285556793,0.2980536222457886,-0.7147157788276672,-0.15491983294487,0.3328395187854767,-0.8228991627693176,-0.1868816614151001,0.13643929362297058,-0.4577176570892334,-0.07834742963314056,0.18101133406162262,-0.6720113158226013,-0.1317211240530014,0.21471227705478668,-0.817221999168396,-0.1784294992685318,0.24577121436595917,-0.9454450607299805,-0.2138460874557495,0.06263662129640579,-0.44729024171829224,-0.09974640607833862,0.09291190654039383,-0.6518813967704773,-0.15455201268196106,0.12298230826854706,-0.7963888049125671,-0.19571830332279205,0.15439434349536896,-0.9271669983863831,-0.22405818104743958,-0.01467712502926588,-0.39679548144340515,-0.12447827309370041,-0.009504555724561214,-0.5639553070068359,-0.1780949831008911,0.00016958400374278426,-0.6845561861991882,-0.20868122577667236,0.015290199778974056,-0.805444061756134,-0.22953225672245026
open_palm,0.0,0.0,0.0,0.13175617158412933,-0.03945782035589218,-0.040774982422590256,0.22986260056495667,-0.14615891873836517,-0.06917183846235275,0.309754878282547,-0.20947326719760895,-0.09822296351194382,0.38165009021759033,-0.24957126379013062,-0.1324147880077362,0.19568727910518646,-0.4198765456676483,-0.06333403289318085,0.24939189851284027,-0.6014331579208374,-0.11424484103918076,0.28552690148353577,-0.7204321026802063,-0.15431375801563263,0.31811535358428955,-0.8289014101028442,-0.18577320873737335,0.1294117420911789,-0.45586666464805603,-0.08178514987230301,0.17113280296325684,-0.6738033890724182,-0.13632480800151825,0.20383594930171967,-0.8186718225479126,-0.18425267934799194,0.23317290842533112,-0.9470365047454834,-0.2207992672920227,0.05734650790691376,-0.4380697011947632,-0.10480010509490967,0.08435160666704178,-0.6445520520210266,-0.16149963438510895,0.11404050141572952,-0.7889750599861145,-0.2045302540063858,0.14426815509796143,-0.9201274514198303,-0.23429006338119507,-0.016930073499679565,-0.38128358125686646,-0.13038977980613708,-0.01371042337268591,-0.5507239699363708,-0.18587461113929749,-0.00455182371661067,-0.6699426174163818,-0.21800896525382996,0.009687227196991444,-0.790693461894989,-0.24037182331085205
open_palm,0.0,0.0,0.0,0.1335628628730774,-0.04234287142753601,-0.0361718013882637,0.22981218993663788,-0.15505822002887726,-0.06281788647174835,0.3088129460811615,-0.2195032387971878,-0.09120679646730423,0.3814485967159271,-0.2620304524898529,-0.12498887628316879,0.19325828552246094,-0.4253024160861969,-0.05715666711330414,0.2466856986284256,-0.6092111468315125,-0.1048431545495987,0.28276345133781433,-0.7293751239776611,-0.1435299813747406,0.3153839409351349,-0.8380541205406189,-0.17449428141117096,0.12961284816265106,-0.4587749242782593,-0.077317014336586,0.16818182170391083,-0.6741401553153992,-0.12716013193130493,0.19806045293807983,-0.8213882446289062,-0.17298229038715363,0.22499597072601318,-0.9516568183898926,-0.2091081440448761,0.05948609858751297,-0.4407541751861572,-0.102056123316288,0.08624758571386337,-0.6467737555503845,-0.15462520718574524,0.11387069523334503,-0.7908108830451965,-0.19672417640686035,0.14106357097625732,-0.9214639663696289,-0.22721119225025177,-0.013057372532784939,-0.38290345668792725,-0.12915955483913422,-0.011199664324522018,-0.5530169606208801,-0.18197806179523468,-0.004340077750384808,-0.6735588908195496,-0.2135096788406372,0.007238817401230335,-0.7959275245666504,-0.23653365671634674
open_palm,0.0,0.0,0.0,0.14258266985416412,-0.05777978524565697,-0.009669500403106213,0.23284997045993805,-0.19686906039714813,-0.026789361611008644,0.30433985590934753,-0.2669413983821869,-0.052412599325180054,0.37444090843200684,-0.3247498869895935,-0.0871754139661789,0.18848823010921478,-0.44422808289527893,-0.047979556024074554,0.23961928486824036,-0.6400470733642578,-0.09564157575368881,0.2751474380493164,-0.7607870697975159,-0.13348713517189026,0.30626142024993896,-0.868206799030304,-0.16748599708080292,0.12469767779111862,-0.4578516483306885,-0.0895577147603035,0.15415336191654205,-0.6857129335403442,-0.14619900286197662,0.18359848856925964,-0.823448121547699,-0.20061001181602478,0.21130499243736267,-0.9459123015403748,-0.24617092311382294,0.0559646412730217,-0.4273886978626251,-0.13414067029953003,0.07442326098680496,-0.6396703124046326,-0.1986602544784546,0.10376259684562683,-0.7821826338768005,-0.25564447045326233,0.13254359364509583,-0.913442850112915,-0.2992951571941376,-0.01175739150494337,-0.35982391238212585,-0.1778593212366104,-0.013786617666482925,-0.536082923412323,-0.247374027967453,-0.005931703373789787,-0.6553789377212524,-0.29494112730026245,0.005088778678327799,-0.7730918526649475,-0.33253076672554016
open_palm,0.0,0.0,0.0,0.14109592139720917,-0.07521861046552658,0.010766593739390373,0.21571172773838043,-0.21856532990932465,-0.0006246066186577082,0.2766875624656677,-0.298667848110199,-0.02581656165421009,0.33979958295822144,-0.36230745911598206,-0.06143178418278694,0.17178377509117126,-0.4523839056491852,-0.03258872032165527,0.21918632090091705,-0.6477240324020386,-0.0792708471417427,0.2523561120033264,-0.7681620121002197,-0.11824718862771988,0.2831016778945923,-0.87028968334198,-0.15426979959011078,0.11369544267654419,-0.44757264852523804,-0.08822096884250641,0.13961221277713776,-0.6792800426483154,-0.14660151302814484,0.16824442148208618,-0.8221877217292786,-0.20593547821044922,0.19652362167835236,-0.9464513659477234,-0.2561412453651428,0.05213799327611923,-0.40501582622528076,-0.14553165435791016,0.06665056198835373,-0.6182891130447388,-0.21282336115837097,0.09224206209182739,-0.7574028372764587,-0.2757810056209564,0.11653734743595123,-0.8814359307289124,-0.3246558606624603,-0.006185777951031923,-0.329453706741333,-0.20019884407520294,-0.005368585232645273,-0.49724650382995605,-0.2740190327167511,0.0007156580104492605,-0.6139217019081116,-0.3270711302757263,0.006270930636674166,-0.7247027158737183,-0.3697904646396637
open_palm,0.0,0.0,0.0,0.14388245344161987,-0.10880561918020248,0.0346294566988945,0.20641767978668213,-0.2575974762439728,0.03534390404820442,0.253502756357193,-0.3436121642589569,0.01766989193856716,0.31064754724502563,-0.42886626720428467,-0.010222794488072395,0.15000686049461365,-0.48587843775749207,-0.00021841746638529003,0.19017203152179718,-0.6886914372444153,-0.04076262563467026,0.22267137467861176,-0.8077071309089661,-0.07687129080295563,0.2513209581375122,-0.9033868312835693,-0.110582634806633,0.10030908137559891,-0.46721169352531433,-0.06627901643514633,0.12554144859313965,-0.6962021589279175,-0.12088724225759506,0.15597456693649292,-0.8365198969841003,-0.17727750539779663,0.18192444741725922,-0.9572222232818604,-0.225009024143219,0.04952513054013252,-0.4198147654533386,-0.13363017141819,0.06467301398515701,-0.6333540678024292,-0.19440947473049164,0.08919841051101685,-0.7724800109863281,-0.2532825767993927,0.10920685529708862,-0.8959570527076721,-0.30073079466819763,0.003952668514102697,-0.34736812114715576,-0.19708850979804993,0.007104199379682541,-0.5097262859344482,-0.26788920164108276,0.012980625964701176,-0.6293083429336548,-0.3206178545951843,0.01512964628636837,-0.7426756620407104,-0.3639545142650604
open_palm,0.0,0.0,0.0,0.12377604842185974,-0.13678763806819916,0.04284285753965378,0.17336319386959076,-0.3058920204639435,0.05472799390554428,0.2096017599105835,-0.4064190089702606,0.04880882054567337,0.2523140609264374,-0.49917513132095337,0.03380116447806358,0.12565822899341583,-0.506538450717926,0.02144874446094036,0.1502223163843155,-0.7050305604934692,-0.009076684713363647,0.17455844581127167,-0.8243467211723328,-0.03735993430018425,0.19759857654571533,-0.9275687336921692,-0.06408537179231644,0.0892183780670166,-0.49213293194770813,-0.03732171654701233,0.10158352553844452,-0.7074548602104187,-0.07698678970336914,0.1251893788576126,-0.8470624685287476,-0.12161064893007278,0.14832787215709686,-0.9759305715560913,-0.1598699390888214,0.049502212554216385,-0.44381389021873474,-0.09635310620069504,0.056731559336185455,-0.648893415927887,-0.14073166251182556,0.07640640437602997,-0.7831348776817322,-0.18574656546115875,0.09532099217176437,-0.9028205871582031,-0.22296229004859924,0.013644748367369175,-0.3630625307559967,-0.15131688117980957,0.013410164974629879,-0.5175544023513794,-0.20558372139930725,0.02238192781805992,-0.6269333958625793,-0.24536840617656708,0.03185693919658661,-0.728476345539093,-0.2781350910663605
open_palm,0.0,0.0,0.0,0.11148210614919662,-0.14714933931827545,0.04835788533091545,0.1477583795785904,-0.33118128776550293,0.0643695816397667,0.17297179996967316,-0.4390838146209717,0.0635838583111763,0.21300706267356873,-0.529608964920044,0.05453480780124664,0.10981865972280502,-0.5108354687690735,0.0234164260327816,0.12999926507472992,-0.7034118175506592,-0.0029089038725942373,0.15067601203918457,-0.822471022605896,-0.024609586223959923,0.17117959260940552,-0.925457775592804,-0.045954227447509766,0.08076106756925583,-0.4958202540874481,-0.03312022238969803,0.09011949598789215,-0.7099217176437378,-0.06874332576990128,0.11185867339372635,-0.8507129549980164,-0.1049148440361023,0.13419070839881897,-0.9816340208053589,-0.1356005072593689,0.04924492910504341,-0.44276660680770874,-0.08912321925163269,0.05316401645541191,-0.645613431930542,-0.12975648045539856,0.07330755144357681,-0.7773704528808594,-0.16773658990859985,0.09425075352191925,-0.8989118337631226,-0.19885335862636566,0.024165377020835876,-0.35584956407546997,-0.14029757678508759,0.02547396905720234,-0.5065774917602539,-0.18919026851654053,0.03836826980113983,-0.6154643297195435,-0.2244655340909958,0.054266758263111115,-0.7190059423446655,-0.25351718068122864
open_palm,0.0,0.0,0.0,0.11705318838357925,-0.17835475504398346,0.04729652777314186,0.14202360808849335,-0.3634532690048218,0.05996096879243851,0.15691940486431122,-0.4671035706996918,0.05649388208985329,0.18816567957401276,-0.5718629956245422,0.047278668731451035,0.05591004714369774,-0.5167574882507324,0.020794125273823738,0.0787000060081482,-0.6946766376495361,-0.011881319805979729,0.10296669602394104,-0.8245518207550049,-0.037005603313446045,0.12907038629055023,-0.9279108643531799,-0.05947543680667877,0.03638520464301109,-0.49364015460014343,-0.034018274396657944,0.06554446369409561,-0.7156217098236084,-0.07581794261932373,0.10219448804855347,-0.8565946817398071,-0.11055949330329895,0.13682271540164948,-0.9810304045677185,-0.1373281180858612,0.029610441997647285,-0.4362015128135681,-0.08863245695829391,0.05647730082273483,-0.6541107892990112,-0.13446061313152313,0.0857212021946907,-0.7862235903739929,-0.1683674156665802,0.11033683270215988,-0.9025962948799133,-0.19327683746814728,0.043845001608133316,-0.35341954231262207,-0.13856929540634155,0.06325026601552963,-0.5024488568305969,-0.18802569806575775,0.07568996399641037,-0.6169496774673462,-0.22108009457588196,0.0856727883219719,-0.7195433974266052,-0.24645155668258667
open_palm,0.0,0.0,0.0,0.10199390351772308,-0.2097492814064026,0.08668196201324463,0.12400464713573456,-0.35928499698638916,0.11114270985126495,0.13912779092788696,-0.44058963656425476,0.11387397348880768,0.16362634301185608,-0.5411695837974548,0.10724488645792007,0.04443274065852165,-0.5075312256813049,0.03046540915966034,0.07594896107912064,-0.6733155250549316,-0.0035621249116957188,0.10229481011629105,-0.800672709941864,-0.029096411541104317,0.13077256083488464,-0.9011256694793701,-0.05272459611296654,0.031787872314453125,-0.4717753827571869,-0.046513378620147705,0.060555748641490936,-0.6961944699287415,-0.100461944937706,0.09180504083633423,-0.8429083824157715,-0.1424318253993988,0.1215769574046135,-0.9770927429199219,-0.17466777563095093,0.02943776547908783,-0.41170188784599304,-0.11822500079870224,0.052850428968667984,-0.6319083571434021,-0.1726246029138565,0.07817748188972473,-0.7615647315979004,-0.21028916537761688,0.0994621068239212,-0.8814736008644104,-0.23897883296012878,0.04710846394300461,-0.337785005569458,-0.18065758049488068,0.06268298625946045,-0.4875047206878662,-0.24205347895622253,0.07258732616901398,-0.594752848148346,-0.2813664376735687,0.08125104010105133,-0.6925944089889526,-0.3115997910499573
open_palm,0.0,0.0,0.0,0.04240018501877785,-0.17760202288627625,0.025630174204707146,0.05815138667821884,-0.375925213098526,0.020251210778951645,0.08897525072097778,-0.5108445286750793,0.006593905854970217,0.11297684162855148,-0.6179351210594177,-0.013526197522878647,0.004210121929645538,-0.4637356400489807,-0.05267378315329552,0.02935698628425598,-0.6896601319313049,-0.10074802488088608,0.051903899759054184,-0.8322730660438538,-0.12848830223083496,0.07335909456014633,-0.9491668939590454,-0.14755599200725555,0.005993688013404608,-0.42375266551971436,-0.09461434930562973,0.04154638946056366,-0.6837940216064453,-0.14452283084392548,0.07650581002235413,-0.8416683077812195,-0.17480412125587463,0.10515786707401276,-0.9750786423683167,-0.19535459578037262,0.02782784029841423,-0.3466951251029968,-0.1322525292634964,0.06291668117046356,-0.5938467383384705,-0.18124356865882874,0.09367012232542038,-0.7336118221282959,-0.2103622555732727,0.11549165099859238,-0.8554369211196899,-0.2292931228876114,0.0695403665304184,-0.24989646673202515,-0.16543035209178925,0.10000458359718323,-0.40374425053596497,-0.2146306037902832,0.11694386601448059,-0.5203201174736023,-0.24045012891292572,0.13262109458446503,-0.6260946393013,-0.25742262601852417
open_palm,0.0,0.0,0.0,0.016116885468363762,-0.19194039702415466,0.030580775812268257,0.033137135207653046,-0.3869943618774414,0.02101876400411129,0.07292598485946655,-0.5178200602531433,0.004294283222407103,0.10571585595607758,-0.615966260433197,-0.019669365137815475,-0.0029054577462375164,-0.4535021185874939,-0.08911360055208206,0.014516551047563553,-0.6883658766746521,-0.1543101817369461,0.04208436235785484,-0.8343136310577393,-0.1921062171459198,0.07160703837871552,-0.9473429322242737,-0.21579588949680328,0.010915523394942284,-0.3902682065963745,-0.13482162356376648,0.04014041647315025,-0.6523028016090393,-0.2066708207130432,0.07865739613771439,-0.8199774622917175,-0.2475893348455429,0.11205682158470154,-0.9552092552185059,-0.2738952040672302,0.04513884708285332,-0.30235913395881653,-0.17319324612617493,0.07654040306806564,-0.5456296801567078,-0.2425910383462906,0.1098756417632103,-0.7018336653709412,-0.2831011712551117,0.13509944081306458,-0.8300469517707825,-0.3066279888153076,0.09936097264289856,-0.20350413024425507,-0.20417532324790955,0.13508634269237518,-0.367346853017807,-0.26860156655311584,0.15494763851165771,-0.49024704098701477,-0.30244532227516174,0.1711074560880661,-0.600062906742096,-0.3237251937389374
open_palm,0.0,0.0,0.0,0.00843624398112297,-0.19225016236305237,0.013382717035710812,0.030647823587059975,-0.3900448977947235,-0.0026263725012540817,0.07545936107635498,-0.5259936451911926,-0.02313852496445179,0.11470987647771835,-0.6254971623420715,-0.048245009034872055,-0.008564949035644531,-0.43860694766044617,-0.09007295966148376,0.005904768127948046,-0.6937289834022522,-0.15056580305099487,0.031114129349589348,-0.8506345152854919,-0.18435584008693695,0.05644794926047325,-0.9770865440368652,-0.20522059500217438,0.010913346894085407,-0.3739677965641022,-0.12622199952602386,0.044016722589731216,-0.6439566016197205,-0.19234022498130798,0.08682005852460861,-0.8181055784225464,-0.22751004993915558,0.12363865971565247,-0.9558314681053162,-0.24877677857875824,0.050908420234918594,-0.28932398557662964,-0.15711788833141327,0.08926884084939957,-0.53472501039505,-0.2177724391222,0.12427891790866852,-0.6950469613075256,-0.24799740314483643,0.14897246658802032,-0.8242865204811096,-0.2637895941734314,0.10794518887996674,-0.19990849494934082,-0.1836250126361847,0.1502133160829544,-0.37994852662086487,-0.23630546033382416,0.17473135888576508,-0.5050340294837952,-0.2600131034851074,0.1943192332983017,-0.616074800491333,-0.27331459522247314
open_palm,0.0,0.0,0.0,-0.007334014866501093,-0.18431413173675537,0.011667921207845211,-0.014255727641284466,-0.3713102638721466,-0.010722184553742409,-0.011883137747645378,-0.503669261932373,-0.036414261907339096,-0.017149316146969795,-0.6126755475997925,-0.06750920414924622,-0.01948230154812336,-0.4285616874694824,-0.11124380677938461,-0.0033095257822424173,-0.6788532733917236,-0.18123112618923187,0.01317406166344881,-0.8365499973297119,-0.223241925239563,0.03032127022743225,-0.9676411747932434,-0.2505017817020416,0.01058423612266779,-0.36152830719947815,-0.14824123680591583,0.042755916714668274,-0.6237853765487671,-0.2314949631690979,0.07589583098888397,-0.7963079214096069,-0.28034278750419617,0.10445094853639603,-0.9432481527328491,-0.311586856842041,0.057030968368053436,-0.2813396751880646,-0.1772126704454422,0.09816286712884903,-0.5157980918884277,-0.24919942021369934,0.13162632286548615,-0.6670432686805725,-0.2856444716453552,0.15467886626720428,-0.7912342548370361,-0.3056130111217499,0.11534024029970169,-0.1956118643283844,-0.20072077214717865,0.15580449998378754,-0.3655959665775299,-0.2582308351993561,0.17889881134033203,-0.48161110281944275,-0.2832659184932709,0.19625328481197357,-0.590008020401001,-0.2981874942779541
open_palm,0.0,0.0,0.0,-0.03811422362923622,-0.1822340041399002,0.00729163084179163,-0.05497681722044945,-0.370687335729599,-0.010468740016222,-0.05953839421272278,-0.5149848461151123,-0.027217969298362732,-0.08752383291721344,-0.6220327019691467,-0.04816266521811485,-0.04414568841457367,-0.41728827357292175,-0.1128179281949997,-0.032009221613407135,-0.676965057849884,-0.17878350615501404,-0.016161948442459106,-0.8414635062217712,-0.21675141155719757,0.0004389505193103105,-0.9709950089454651,-0.2390991896390915,0.0036515481770038605,-0.3526592254638672,-0.13907745480537415,0.04089825227856636,-0.6209269762039185,-0.20849107205867767,0.07409899681806564,-0.7982185482978821,-0.2433595061302185,0.10091034322977066,-0.9395300149917603,-0.26561230421066284,0.06100183352828026,-0.2756509780883789,-0.1584746390581131,0.10472111403942108,-0.5194417238235474,-0.22331936657428741,0.13391424715518951,-0.6803578734397888,-0.25744667649269104,0.15554633736610413,-0.8049305081367493,-0.27566495537757874,0.12532275915145874,-0.19802306592464447,-0.17178665101528168,0.16752859950065613,-0.3868373930454254,-0.22750818729400635,0.1889512687921524,-0.5042322874069214,-0.2537561357021332,0.2067212164402008,-0.6100348234176636,-0.26881182193756104
open_palm,0.0,0.0,0.0,-0.05197695270180702,-0.17563344538211823,-0.006254205014556646,-0.08047083020210266,-0.3681776523590088,-0.027402566745877266,-0.09234578162431717,-0.5201429724693298,-0.04543391615152359,-0.12008273601531982,-0.630228579044342,-0.06668790429830551,-0.043507128953933716,-0.4080813229084015,-0.11361747235059738,-0.036160659044981,-0.6698032021522522,-0.17680427432060242,-0.021437129005789757,-0.8391327261924744,-0.21132346987724304,-0.004806290380656719,-0.9728785753250122,-0.23126648366451263,0.014364608563482761,-0.3593737781047821,-0.1313013881444931,0.045799292623996735,-0.6161630153656006,-0.19358651340007782,0.07813787460327148,-0.7873574495315552,-0.22004291415214539,0.10504963248968124,-0.9228702783584595,-0.2368764579296112,0.0737752616405487,-0.29459241032600403,-0.14456886053085327,0.11305488646030426,-0.5230501890182495,-0.20291262865066528,0.14286969602108002,-0.6809942722320557,-0.228571817278862,0.16357721388339996,-0.8063877820968628,-0.24178019165992737,0.13303840160369873,-0.22528359293937683,-0.1540922075510025,0.17628057301044464,-0.4078764319419861,-0.2050388902425766,0.19683349132537842,-0.524624228477478,-0.2271304875612259,0.21146923303604126,-0.6298458576202393,-0.2394338697195053
open_palm,0.0,0.0,0.0,-0.06045667827129364,-0.17497478425502777,-0.0065764752216637135,-0.09890951961278915,-0.36708372831344604,-0.03194219991564751,-0.11905869096517563,-0.5164254903793335,-0.052656371146440506,-0.1555069237947464,-0.6201467514038086,-0.0784144178032875,-0.04973758012056351,-0.4020051062107086,-0.13711123168468475,-0.04258539900183678,-0.6565831303596497,-0.20718182623386383,-0.02890481986105442,-0.8260865807533264,-0.2457420974969864,-0.012924562208354473,-0.9614875316619873,-0.2687450647354126,0.01478760875761509,-0.3529183268547058,-0.15603598952293396,0.053965065628290176,-0.6187456846237183,-0.22902585566043854,0.08457300066947937,-0.8039678931236267,-0.2636702060699463,0.10706736147403717,-0.9519479274749756,-0.28693488240242004,0.07868198305368423,-0.28946828842163086,-0.16797228157520294,0.12418302893638611,-0.5205381512641907,-0.2339056134223938,0.15004196763038635,-0.6811214685440063,-0.2643800973892212,0.16749686002731323,-0.8111639022827148,-0.2813149392604828,0.13712696731090546,-0.22003790736198425,-0.1749279648065567,0.18278822302818298,-0.40297001600265503,-0.23188692331314087,0.20520858466625214,-0.5173670053482056,-0.25704699754714966,0.22315043210983276,-0.6223580837249756,-0.27201440930366516
open_palm,0.0,0.0,0.0,-0.06779414415359497,-0.16592004895210266,-0.012119867838919163,-0.11314672976732254,-0.35605067014694214,-0.03781464695930481,-0.14058925211429596,-0.5063456296920776,-0.058525655418634415,-0.1818770170211792,-0.599017322063446,-0.08420435339212418,-0.040457434952259064,-0.4065513610839844,-0.12721963226795197,-0.031691957265138626,-0.6556800603866577,-0.18782266974449158,-0.018343474715948105,-0.816373348236084,-0.2175755649805069,-0.004002556204795837,-0.9453912377357483,-0.2332456409931183,0.025996966287493706,-0.3665032684803009,-0.14154228568077087,0.06345847994089127,-0.6329652667045593,-0.20298132300376892,0.09186046570539474,-0.8179947733879089,-0.23016045987606049,0.11432430893182755,-0.9622355103492737,-0.2470480352640152,0.08768022060394287,-0.308501273393631,-0.14988279342651367,0.12925301492214203,-0.5335164070129395,-0.2065293937921524,0.15675337612628937,-0.6937398910522461,-0.2327321320772171,0.17831458151340485,-0.8201048970222473,-0.24555520713329315,0.14208385348320007,-0.2421398162841797,-0.15419860184192657,0.1823810189962387,-0.4282647371292114,-0.20119421184062958,0.2060113251209259,-0.5464162826538086,-0.2201177328824997,0.22724288702011108,-0.6519110202789307,-0.2298470288515091
open_palm,0.0,0.0,0.0,-0.07127979397773743,-0.17772750556468964,-0.00801909901201725,-0.1238495260477066,-0.33004000782966614,-0.048469360917806625,-0.1654295027256012,-0.4525994658470154,-0.07930051535367966,-0.2134627401828766,-0.5491520762443542,-0.11493083089590073,-0.041856978088617325,-0.4024330973625183,-0.18828384578227997,-0.03037126548588276,-0.6291545033454895,-0.26996082067489624,-0.020059440284967422,-0.7918083667755127,-0.3129584491252899,-0.004963394720107317,-0.9250747561454773,-0.33570173382759094,0.028368927538394928,-0.36865442991256714,-0.1920524686574936,0.06287189573049545,-0.6097192168235779,-0.28661999106407166,0.08904803544282913,-0.7885355949401855,-0.32668864727020264,0.11107011139392853,-0.9296602010726929,-0.3512766361236572,0.09030304849147797,-0.31639379262924194,-0.18100526928901672,0.1316729336977005,-0.5222530364990234,-0.25798895955085754,0.1566704511642456,-0.6829975843429565,-0.28732064366340637,0.1782914251089096,-0.8007864356040955,-0.2993292510509491,0.14214128255844116,-0.26848989725112915,-0.1612422615289688,0.17818240821361542,-0.434622585773468,-0.21205858886241913,0.19634249806404114,-0.544377326965332,-0.2285274714231491,0.21410395205020905,-0.6457453966140747,-0.23667114973068237
open_palm,0.0,0.0,0.0,-0.07633873075246811,-0.16214704513549805,-0.02713618241250515,-0.12838591635227203,-0.3107842803001404,-0.07621296495199203,-0.1747734546661377,-0.43966788053512573,-0.114671990275383,-0.22220733761787415,-0.5413889288902283,-0.15791961550712585,-0.039483439177274704,-0.4043032228946686,-0.17912210524082184,-0.02404901012778282,-0.6404055953025818,-0.25493088364601135,-0.013270290568470955,-0.8018279671669006,-0.2972850501537323,0.0026665478944778442,-0.9366661906242371,-0.3199807405471802,0.033608824014663696,-0.38014087080955505,-0.17466074228286743,0.06820507347583771,-0.6271314024925232,-0.25466087460517883,0.0940493494272232,-0.8031288385391235,-0.2896018922328949,0.11595601588487625,-0.9431440234184265,-0.31150227785110474,0.09463845193386078,-0.33185508847236633,-0.15875545144081116,0.13535428047180176,-0.5465725064277649,-0.21927155554294586,0.16469940543174744,-0.7067521810531616,-0.2408905327320099,0.1881149262189865,-0.8207088112831116,-0.24984247982501984,0.14128465950489044,-0.28463849425315857,-0.13785947859287262,0.17478783428668976,-0.4601861834526062,-0.17466172575950623,0.1933864951133728,-0.5715947151184082,-0.18243344128131866,0.21097983419895172,-0.668320894241333,-0.18485549092292786
open_palm,0.0,0.0,0.0,-0.0859251543879509,-0.11299706250429153,-0.04121614992618561,-0.14915698766708374,-0.2430221289396286,-0.08612404763698578,-0.20023033022880554,-0.35867735743522644,-0.12066198140382767,-0.24518314003944397,-0.4519490599632263,-0.15792050957679749,-0.06468930095434189,-0.38148534297943115,-0.14402714371681213,-0.06500393897294998,-0.6137021780014038,-0.20531588792800903,-0.059743158519268036,-0.7615312933921814,-0.2419528067111969,-0.047909028828144073,-0.8885142803192139,-0.2634282410144806,0.009993504732847214,-0.38450291752815247,-0.13932792842388153,0.03402455896139145,-0.6343199014663696,-0.20354363322257996,0.05501382052898407,-0.8100177049636841,-0.24213247001171112,0.07460510730743408,-0.9602617621421814,-0.26894479990005493,0.06876768171787262,-0.35873427987098694,-0.12847992777824402,0.10173214972019196,-0.5670580267906189,-0.17988917231559753,0.12813448905944824,-0.7262755632400513,-0.20933310687541962,0.1496022641658783,-0.8479310870170593,-0.22650133073329926,0.11058322340250015,-0.32866328954696655,-0.1160086989402771,0.13563688099384308,-0.5027426481246948,-0.15298929810523987,0.1502751111984253,-0.6104158163070679,-0.16738927364349365,0.16269975900650024,-0.7070645689964294,-0.17538300156593323
open_palm,0.0,0.0,0.0,-0.0936368852853775,-0.1221218854188919,-0.025169560685753822,-0.1618441343307495,-0.2258874475955963,-0.07051832973957062,-0.2162758857011795,-0.3213164210319519,-0.10197589546442032,-0.2604306936264038,-0.4266422986984253,-0.1332997977733612,-0.07454758137464523,-0.3664577901363373,-0.17426742613315582,-0.08024482429027557,-0.5873574614524841,-0.24291683733463287,-0.08183889836072922,-0.7318843603134155,-0.2782543897628784,-0.0745171532034874,-0.8559374213218689,-0.294199675321579,-0.0002679761964827776,-0.37371891736984253,-0.1619749665260315,0.020002542063593864,-0.6210761666297913,-0.24550336599349976,0.038923297077417374,-0.8043708205223083,-0.2818969786167145,0.05659492313861847,-0.9517523646354675,-0.3016031086444855,0.05657164379954338,-0.35416311025619507,-0.13619302213191986,0.08620817959308624,-0.5546258687973022,-0.20266613364219666,0.11000006645917892,-0.7140308618545532,-0.2270084172487259,0.13034871220588684,-0.8255099654197693,-0.23218683898448944,0.09581658989191055,-0.3323119580745697,-0.10309280455112457,0.1041996106505394,-0.49734923243522644,-0.13034817576408386,0.1030130460858345,-0.5765756964683533,-0.12795095145702362,0.10074476152658463,-0.6372015476226807,-0.12189286947250366
open_palm,0.0,0.0,0.0,-0.0892418846487999,-0.12133822590112686,-0.018458440899848938,-0.15753594040870667,-0.22688356041908264,-0.06284640729427338,-0.2102292776107788,-0.32208770513534546,-0.09585978090763092,-0.256847620010376,-0.4133787751197815,-0.13101917505264282,-0.07621712982654572,-0.3487015962600708,-0.1771356165409088,-0.080905981361866,-0.570465087890625,-0.2500033676624298,-0.08200130611658096,-0.7169942855834961,-0.28897589445114136,-0.07367681711912155,-0.842466413974762,-0.30866900086402893,-0.0025419925805181265,-0.35794830322265625,-0.17264685034751892,0.02086995355784893,-0.6105940937995911,-0.25737643241882324,0.03852241858839989,-0.794666588306427,-0.2978442907333374,0.05610126629471779,-0.9446344971656799,-0.32329291105270386,0.0561637356877327,-0.34062808752059937,-0.15403883159160614,0.09093117713928223,-0.5486282706260681,-0.219633087515831,0.11296094208955765,-0.7083190083503723,-0.24694187939167023,0.1335453987121582,-0.8216403722763062,-0.2579052150249481,0.09829340875148773,-0.32059869170188904,-0.1281212568283081,0.11746089160442352,-0.49476319551467896,-0.16260826587677002,0.12860256433486938,-0.5969992280006409,-0.16905932128429413,0.13876475393772125,-0.6857255101203918,-0.17082487046718597
open_palm,0.0,0.0,0.0,-0.0877278596162796,-0.15422922372817993,0.010562739335000515,-0.14982858300209045,-0.28735265135765076,-0.017519516870379448,-0.19691629707813263,-0.4003406763076782,-0.040962737053632736,-0.24713736772537231,-0.49556276202201843,-0.06849467754364014,-0.07685758918523788,-0.4014506936073303,-0.1406424641609192,-0.08441630005836487,-0.6221576929092407,-0.20360417664051056,-0.08540715277194977,-0.7714453935623169,-0.231390118598938,-0.07969408482313156,-0.8964223265647888,-0.2442866563796997,-0.004925863351672888,-0.39102703332901,-0.1547180414199829,0.01747462898492813,-0.6465246677398682,-0.23503094911575317,0.03569696843624115,-0.8230604529380798,-0.26563340425491333,0.05170173943042755,-0.9580258131027222,-0.2819814085960388,0.061034075915813446,-0.35063615441322327,-0.15518945455551147,0.09863993525505066,-0.567436933517456,-0.2213822901248932,0.11962518095970154,-0.7257878184318542,-0.24267257750034332,0.13747593760490417,-0.845779538154602,-0.24842405319213867,0.11698978394269943,-0.3014044463634491,-0.14646455645561218,0.1467907875776291,-0.48253732919692993,-0.1868496835231781,0.16205187141895294,-0.5935313701629639,-0.1946754902601242,0.17462487518787384,-0.6966264843940735,-0.1959001123905182
open_palm,0.0,0.0,0.0,-0.07264260947704315,-0.15681517124176025,-0.0026523631531745195,-0.1206071600317955,-0.341895192861557,-0.026172852143645287,-0.157396137714386,-0.4895344376564026,-0.04591558501124382,-0.2138824462890625,-0.5620832443237305,-0.07200217992067337,-0.06808458268642426,-0.399171382188797,-0.1257004588842392,-0.07077998667955399,-0.6473653316497803,-0.18554379045963287,-0.06434092670679092,-0.8042299151420593,-0.21491606533527374,-0.05549357831478119,-0.9347695112228394,-0.23184922337532043,-0.0016229525208473206,-0.3686736822128296,-0.14537835121154785,0.02918756753206253,-0.6401273608207703,-0.20888231694698334,0.054667551070451736,-0.8233512043952942,-0.23644138872623444,0.07389919459819794,-0.9642654657363892,-0.254423052072525,0.06574603915214539,-0.3122245669364929,-0.1577417552471161,0.11428634822368622,-0.5394830703735352,-0.21360436081886292,0.14093881845474243,-0.6991044878959656,-0.23781107366085052,0.15819495916366577,-0.825452446937561,-0.25078698992729187,0.12683749198913574,-0.24293635785579681,-0.1651379019021988,0.17150409519672394,-0.4376537799835205,-0.21079064905643463,0.19437864422798157,-0.5536828637123108,-0.22784635424613953,0.21034130454063416,-0.6588268280029297,-0.23749859631061554
open_palm,0.0,0.0,0.0,-0.051552753895521164,-0.18838201463222504,0.010185486637055874,-0.07029508054256439,-0.3776581585407257,-0.002810781355947256,-0.07953549921512604,-0.51926589012146,-0.014876211062073708,-0.11771012842655182,-0.5956695079803467,-0.030714210122823715,-0.060604386031627655,-0.42430612444877625,-0.09902262687683105,-0.055819831788539886,-0.6739274859428406,-0.1528843641281128,-0.04637405276298523,-0.8324793577194214,-0.17892806231975555,-0.037063777446746826,-0.9631529450416565,-0.194438636302948,-0.0036065985914319754,-0.3725758492946625,-0.12574511766433716,0.030062202364206314,-0.6417767405509949,-0.18798694014549255,0.05792267620563507,-0.8233675956726074,-0.2160627394914627,0.0801878273487091,-0.9690887331962585,-0.2333175092935562,0.05983299762010574,-0.3035040497779846,-0.1457134336233139,0.11187925189733505,-0.5404732823371887,-0.20275500416755676,0.13971909880638123,-0.7036108374595642,-0.2280137538909912,0.15901777148246765,-0.8357921242713928,-0.24102242290973663,0.12499384582042694,-0.23170652985572815,-0.16051384806632996,0.17697812616825104,-0.41523244976997375,-0.21159431338310242,0.20212429761886597,-0.5333983898162842,-0.23376666009426117,0.22002850472927094,-0.6451042294502258,-0.24586541950702667
open_palm,0.0,0.0,0.0,0.0066651334054768085,-0.19255757331848145,0.014118368737399578,0.028343986719846725,-0.3721905052661896,-0.003209674032405019,0.06896496564149857,-0.4860771894454956,-0.025499245151877403,0.10839292407035828,-0.5696702003479004,-0.053427014499902725,-0.002215807558968663,-0.4463132917881012,-0.0876925066113472,0.021034548059105873,-0.6937062740325928,-0.14626023173332214,0.03841885179281235,-0.8487386107444763,-0.1817033886909485,0.054636307060718536,-0.9771243333816528,-0.20553064346313477,0.023735646158456802,-0.3832789659500122,-0.12494780123233795,0.0627623125910759,-0.6351721882820129,-0.19154272973537445,0.09846162796020508,-0.8023771643638611,-0.23339228332042694,0.128962442278862,-0.9450365304946899,-0.26109492778778076,0.06501782685518265,-0.3001023828983307,-0.15587320923805237,0.113045334815979,-0.5256568193435669,-0.2165737748146057,0.15052759647369385,-0.6748564839363098,-0.25017401576042175,0.17637914419174194,-0.799477219581604,-0.2698281407356262,0.11715715378522873,-0.20915953814983368,-0.1821037381887436,0.16691039502620697,-0.3690315783023834,-0.23364326357841492,0.19596894085407257,-0.4799918234348297,-0.25648269057273865,0.2193899005651474,-0.5829231142997742,-0.27027180790901184
open_palm,0.0,0.0,0.0,0.037008628249168396,-0.17765317857265472,0.008801914751529694,0.07971272617578506,-0.35436564683914185,-0.010473562404513359,0.13788023591041565,-0.4548874497413635,-0.03564739599823952,0.18582303822040558,-0.5328177809715271,-0.0669177696108818,0.026691647246479988,-0.4493425786495209,-0.08376802504062653,0.054521575570106506,-0.6814582347869873,-0.14542019367218018,0.073411725461483,-0.8400465846061707,-0.18579815328121185,0.0871296152472496,-0.9728387594223022,-0.21446043252944946,0.031644515693187714,-0.389862984418869,-0.12501157820224762,0.07944339513778687,-0.6282007098197937,-0.1933591067790985,0.11995535343885422,-0.7863516211509705,-0.24255886673927307,0.15067854523658752,-0.9268457889556885,-0.2767559289932251,0.053225643932819366,-0.29531657695770264,-0.16115136444568634,0.09625453501939774,-0.5013043284416199,-0.22621285915374756,0.13530775904655457,-0.6347347497940063,-0.26752498745918274,0.16291943192481995,-0.7507209181785583,-0.2934533357620239,0.09055077284574509,-0.1862989366054535,-0.19341932237148285,0.13702087104320526,-0.32186347246170044,-0.24876956641674042,0.16806058585643768,-0.4205056428909302,-0.27558788657188416,0.19422206282615662,-0.5101739764213562,-0.2937481105327606
open_palm,0.0,0.0,0.0,0.0982661247253418,-0.16043534874916077,0.007160216569900513,0.12473272532224655,-0.3520320951938629,0.008771088905632496,0.14249716699123383,-0.48267555236816406,0.003717111423611641,0.16175876557826996,-0.6006337404251099,-0.0032650884240865707,0.04594751074910164,-0.51529461145401,0.0027592198457568884,0.07926608622074127,-0.7091153860092163,-0.02427103742957115,0.1098310798406601,-0.8332286477088928,-0.04840812087059021,0.13573741912841797,-0.9363150596618652,-0.06857273727655411,0.04375244304537773,-0.4995689392089844,-0.023199094459414482,0.07934240996837616,-0.7211194634437561,-0.05022489279508591,0.11397164314985275,-0.8606892824172974,-0.08043292164802551,0.14338988065719604,-0.9842103123664856,-0.10377565026283264,0.055057644844055176,-0.4361501634120941,-0.05050349608063698,0.0905759334564209,-0.6431096196174622,-0.08487751334905624,0.12082946300506592,-0.7678757905960083,-0.11647158861160278,0.14584001898765564,-0.8759526610374451,-0.13927148282527924,0.08373899757862091,-0.3406802713871002,-0.07651465386152267,0.11280423402786255,-0.44902321696281433,-0.1144314706325531,0.13130240142345428,-0.536702036857605,-0.13895787298679352,0.14963418245315552,-0.6183157563209534,-0.15614177286624908
open_palm,0.0,0.0,0.0,0.11512700468301773,-0.1905852109193802,0.056776244193315506,0.1485888510942459,-0.38135093450546265,0.07107378542423248,0.17383161187171936,-0.4816630482673645,0.06811227649450302,0.2158648818731308,-0.5693725943565369,0.05555921047925949,0.0797264352440834,-0.5249515175819397,0.011165841482579708,0.11492004990577698,-0.6907128095626831,-0.024730822071433067,0.1386277824640274,-0.8176858425140381,-0.055385928601026535,0.15966252982616425,-0.9221052527427673,-0.08428262174129486,0.05473935231566429,-0.4894672930240631,-0.05321219190955162,0.0832790657877922,-0.6997218728065491,-0.10010973364114761,0.11224985867738724,-0.8387584686279297,-0.14597193896770477,0.1403518170118332,-0.9728504419326782,-0.18401984870433807,0.03738389536738396,-0.4172219932079315,-0.11490529030561447,0.06257189065217972,-0.6238648295402527,-0.16887137293815613,0.09082978218793869,-0.7469673752784729,-0.21695829927921295,0.11491765826940536,-0.865824282169342,-0.2552359998226166,0.03719722852110863,-0.3224370777606964,-0.16964073479175568,0.057712629437446594,-0.44701865315437317,-0.23295064270496368,0.07146754115819931,-0.5440298914909363,-0.2779957950115204,0.0831863135099411,-0.6383755803108215,-0.3141113221645355
open_palm,0.0,0.0,0.0,0.09803932160139084,-0.12516523897647858,0.0043515670113265514,0.14243364334106445,-0.31194961071014404,0.0008127925684675574,0.17901793122291565,-0.43347039818763733,-0.010564827360212803,0.21970239281654358,-0.5296292304992676,-0.026364972814917564,0.0982852652668953,-0.4779435396194458,-0.010041583329439163,0.10870285332202911,-0.6700707077980042,-0.04622843489050865,0.12215186655521393,-0.7932405471801758,-0.07546861469745636,0.1386002004146576,-0.903060793876648,-0.09896761178970337,0.06789180636405945,-0.4656464457511902,-0.04281197115778923,0.07564641535282135,-0.6848869323730469,-0.0822572261095047,0.09461759775876999,-0.8395411372184753,-0.11881442368030548,0.1145927906036377,-0.9825111627578735,-0.14676597714424133,0.03406758978962898,-0.4088999032974243,-0.07767300307750702,0.03629468381404877,-0.6096492409706116,-0.12052327394485474,0.05212850868701935,-0.7306451797485352,-0.15213289856910706,0.06842633336782455,-0.8456021547317505,-0.17474517226219177,0.0025471635162830353,-0.31693166494369507,-0.11173292994499207,-0.0016465972876176238,-0.44888976216316223,-0.15601171553134918,0.0020631086081266403,-0.5482565760612488,-0.1811995804309845,0.006188981235027313,-0.6470091938972473,-0.1994214802980423
open_palm,0.0,0.0,0.0,0.1275174766778946,-0.1230342760682106,0.010203913785517216,0.18520773947238922,-0.29038164019584656,-0.005157724022865295,0.23634672164916992,-0.39207807183265686,-0.03271991014480591,0.29584693908691406,-0.4810065031051636,-0.07176454365253448,0.11130296438932419,-0.4920082688331604,-0.052692849189043045,0.144021674990654,-0.6858813762664795,-0.10954859852790833,0.16932053864002228,-0.8083503246307373,-0.1564616709947586,0.19188134372234344,-0.9089524745941162,-0.19814513623714447,0.06462956219911575,-0.45877528190612793,-0.1108209490776062,0.0793716236948967,-0.675849437713623,-0.1836581826210022,0.10289977490901947,-0.8142388463020325,-0.25261467695236206,0.1232900395989418,-0.9431096911430359,-0.30877774953842163,0.017961561679840088,-0.38909009099006653,-0.1691967248916626,0.02090941183269024,-0.582756519317627,-0.2482362687587738,0.04332573711872101,-0.7191530466079712,-0.32076171040534973,0.06263318657875061,-0.8422492742538452,-0.37609294056892395,-0.022773368284106255,-0.2914997339248657,-0.22374647855758667,-0.033395878970623016,-0.427442729473114,-0.30766960978507996,-0.03342296555638313,-0.5307035446166992,-0.36814650893211365,-0.0323370061814785,-0.6281128525733948,-0.41653528809547424
open_palm,0.0,0.0,0.0,0.13442391157150269,-0.09775403141975403,-0.006249528378248215,0.20151421427726746,-0.24699774384498596,-0.029661819338798523,0.2596175968647003,-0.33535057306289673,-0.06239159032702446,0.32066214084625244,-0.4157601296901703,-0.1068778708577156,0.12425520271062851,-0.4382863938808441,-0.07233235239982605,0.1578402817249298,-0.6192781329154968,-0.13620947301387787,0.1840679794549942,-0.7348496913909912,-0.1868632584810257,0.20582599937915802,-0.8336275815963745,-0.23015424609184265,0.07056085020303726,-0.4163029193878174,-0.12542679905891418,0.08470074087381363,-0.6509687900543213,-0.203801229596138,0.10620597749948502,-0.7996102571487427,-0.2764700651168823,0.12451817840337753,-0.9340647459030151,-0.3346913754940033,0.015356682240962982,-0.35309258103370667,-0.17950710654258728,0.017453888431191444,-0.5542726516723633,-0.2665250599384308,0.03814021497964859,-0.6839538216590881,-0.34006863832473755,0.05435295030474663,-0.8037986755371094,-0.39379534125328064,-0.036445338279008865,-0.26192060112953186,-0.2305561900138855,-0.055093906819820404,-0.4038600027561188,-0.3182730972766876,-0.05714390426874161,-0.5017693638801575,-0.3755398690700531,-0.05830392614006996,-0.5962876677513123,-0.4202234745025635
open_palm,0.0,0.0,0.0,0.13681434094905853,-0.105587899684906,-0.006396463140845299,0.21042774617671967,-0.26140013337135315,-0.02680131420493126,0.2735344171524048,-0.35141247510910034,-0.057601165026426315,0.3379629850387573,-0.43668705224990845,-0.09902185946702957,0.13159745931625366,-0.46875059604644775,-0.04662449657917023,0.16607053577899933,-0.6558895111083984,-0.09973759204149246,0.19097696244716644,-0.7773258686065674,-0.14536772668361664,0.21480318903923035,-0.8819670081138611,-0.1856742650270462,0.07368417084217072,-0.45516109466552734,-0.09618429094552994,0.0881662368774414,-0.679310142993927,-0.15914909541606903,0.10683582723140717,-0.8239914774894714,-0.22555050253868103,0.12646646797657013,-0.9514284729957581,-0.2806958258152008,0.011225317604839802,-0.39524897933006287,-0.1482526659965515,0.013256125152111053,-0.603415846824646,-0.22109179198741913,0.026852015405893326,-0.7413932681083679,-0.28944042325019836,0.039747752249240875,-0.8637292385101318,-0.3414122462272644,-0.04786906763911247,-0.2999102771282196,-0.1984136700630188,-0.06835059076547623,-0.45390403270721436,-0.2759089767932892,-0.07297628372907639,-0.5575650930404663,-0.3288551867008209,-0.07611486315727234,-0.6540615558624268,-0.3705001175403595
open_palm,0.0,0.0,0.0,0.1362789273262024,-0.093469999730587,-0.03685372695326805,0.22188003361225128,-0.23357951641082764,-0.05733447149395943,0.2965098023414612,-0.31800493597984314,-0.079604372382164,0.3686389923095703,-0.3852437734603882,-0.10799660533666611,0.14044268429279327,-0.4721675515174866,-0.03641362115740776,0.17581656575202942,-0.6590766310691833,-0.07271581888198853,0.19961953163146973,-0.7847377061843872,-0.10774333029985428,0.22029004991054535,-0.8943681716918945,-0.13822832703590393,0.07434344291687012,-0.47250133752822876,-0.057183194905519485,0.08552514016628265,-0.6981210708618164,-0.09621565043926239,0.09853027015924454,-0.8503996729850769,-0.1454654186964035,0.10917361080646515,-0.9765766263008118,-0.1854165941476822,0.008179458789527416,-0.41698139905929565,-0.08377933502197266,0.002265980700030923,-0.6309166550636292,-0.1362351030111313,0.00476135965436697,-0.7745181918144226,-0.19376708567142487,0.008074220269918442,-0.9094337821006775,-0.2363629788160324,-0.05014122650027275,-0.3307761549949646,-0.11212415993213654,-0.07531051337718964,-0.46360281109809875,-0.1737961769104004,-0.08840072900056839,-0.5437126755714417,-0.21685908734798431,-0.09705226868391037,-0.6255800127983093,-0.24825520813465118
open_palm,0.0,0.0,0.0,0.12220776826143265,-0.07061958312988281,-0.042904000729322433,0.21679922938346863,-0.1948712170124054,-0.06680069118738174,0.2977597415447235,-0.28143393993377686,-0.09043778479099274,0.3704439401626587,-0.34042662382125854,-0.11689715087413788,0.14840592443943024,-0.4709053337574005,-0.03786921501159668,0.1886175572872162,-0.6489812135696411,-0.07682423293590546,0.2106945514678955,-0.7694046497344971,-0.111177459359169,0.22987672686576843,-0.8768161535263062,-0.13787904381752014,0.07797109335660934,-0.49518802762031555,-0.04974038153886795,0.10121074318885803,-0.7041980624198914,-0.08617211878299713,0.12050031870603561,-0.8516853451728821,-0.12259726226329803,0.13723072409629822,-0.9791346192359924,-0.14987674355506897,0.007002348080277443,-0.458385169506073,-0.06818196922540665,0.008337321691215038,-0.6596455574035645,-0.11024616658687592,0.016408078372478485,-0.8023932576179504,-0.14610110223293304,0.028062766417860985,-0.9316601753234863,-0.17054212093353271,-0.06005779281258583,-0.37699708342552185,-0.09046927839517593,-0.08365820348262787,-0.5172373652458191,-0.13442963361740112,-0.09421780705451965,-0.6219930648803711,-0.15994179248809814,-0.09888657182455063,-0.7259079217910767,-0.17624682188034058
open_palm,0.0,0.0,0.0,-0.12444303184747696,0.08158665895462036,-0.09172727912664413,-0.24269410967826843,0.07733005285263062,-0.15290100872516632,-0.3401583731174469,0.06782245635986328,-0.20513257384300232,-0.4309256970882416,0.09244567155838013,-0.26198840141296387,-0.24911831319332123,-0.25803184509277344,-0.1414215862751007,-0.338422954082489,-0.42696988582611084,-0.2169594168663025,-0.3932185769081116,-0.5346074104309082,-0.2722148299217224,-0.43904703855514526,-0.6494238376617432,-0.3142662048339844,-0.17754070460796356,-0.3667761981487274,-0.14502845704555511,-0.26093629002571106,-0.5664095878601074,-0.22129084169864655,-0.31184571981430054,-0.7035899758338928,-0.28153643012046814,-0.3607993721961975,-0.8491687774658203,-0.32906949520111084,-0.09975194931030273,-0.41995805501937866,-0.1561189442873001,-0.14457422494888306,-0.6346123218536377,-0.23589682579040527,-0.18227767944335938,-0.7813630104064941,-0.29105862975120544,-0.2232411503791809,-0.9173370599746704,-0.3296302556991577,-0.015095789916813374,-0.4359852373600006,-0.17285111546516418,-0.03247912600636482,-0.6359519958496094,-0.2415182888507843,-0.05338728055357933,-0.7684805393218994,-0.2814059555530548,-0.08199864625930786,-0.8953849673271179,-0.3120427429676056
open_palm,0.0,0.0,0.0,-0.12778706848621368,0.06901666522026062,-0.0798046737909317,-0.24779871106147766,0.05464237555861473,-0.13384981453418732,-0.34601232409477234,0.03674398362636566,-0.18072287738323212,-0.43506139516830444,0.057051606476306915,-0.2313712239265442,-0.2509595453739166,-0.2793564200401306,-0.11802015453577042,-0.3381686508655548,-0.4500606656074524,-0.18633151054382324,-0.3925422430038452,-0.5571454167366028,-0.2367122620344162,-0.43807360529899597,-0.6696323752403259,-0.274787575006485,-0.17949232459068298,-0.38241612911224365,-0.12430823594331741,-0.2614832818508148,-0.5847165584564209,-0.19175638258457184,-0.31285223364830017,-0.7213128805160522,-0.2450512945652008,-0.36107581853866577,-0.8639700412750244,-0.2866990268230438,-0.10123374313116074,-0.43008214235305786,-0.13791529834270477,-0.1480242908000946,-0.6478869915008545,-0.20973606407642365,-0.18544340133666992,-0.7937336564064026,-0.25719064474105835,-0.22627680003643036,-0.9299352169036865,-0.28986093401908875,-0.01548755168914795,-0.44023218750953674,-0.15656587481498718,-0.03138035535812378,-0.6419770121574402,-0.2191314846277237,-0.050419557839632034,-0.7740394473075867,-0.2525915205478668,-0.07772001624107361,-0.8999459147453308,-0.27741485834121704
open_palm,0.0,0.0,0.0,-0.13360530138015747,0.034709177911281586,-0.06415212899446487,-0.25755226612091064,-0.006497518625110388,-0.10705382376909256,-0.3578335642814636,-0.041631754487752914,-0.1448712944984436,-0.4493376314640045,-0.04341958090662956,-0.1851765662431717,-0.2548912465572357,-0.3365642726421356,-0.08914702385663986,-0.3372969627380371,-0.5104738473892212,-0.148075670003891,-0.3896993398666382,-0.6198892593383789,-0.19205330312252045,-0.434829443693161,-0.7292158007621765,-0.22519585490226746,-0.18487602472305298,-0.4221707284450531,-0.09836282581090927,-0.2627522051334381,-0.6265287399291992,-0.15564249455928802,-0.31417378783226013,-0.7634479999542236,-0.20035794377326965,-0.3618350625038147,-0.8970538377761841,-0.23439358174800873,-0.10607556998729706,-0.4558844268321991,-0.11467582732439041,-0.1520950049161911,-0.6705194711685181,-0.17723731696605682,-0.18968565762043,-0.8115534782409668,-0.2166406512260437,-0.23091991245746613,-0.942156970500946,-0.24293261766433716,-0.019526714459061623,-0.45300745964050293,-0.13526879251003265,-0.0313861221075058,-0.650874674320221,-0.19198249280452728,-0.04784803092479706,-0.7808082103729248,-0.2202678918838501,-0.07193510979413986,-0.9045993089675903,-0.23963788151741028
open_palm,0.0,0.0,0.0,-0.13284675776958466,0.03296743333339691,-0.0663871169090271,-0.25652480125427246,-0.010052311234176159,-0.11198900640010834,-0.3546476364135742,-0.04736032709479332,-0.15194597840309143,-0.44431403279304504,-0.05342266336083412,-0.19480492174625397,-0.25136855244636536,-0.3392591178417206,-0.09924805909395218,-0.33412548899650574,-0.5158018469810486,-0.1613358110189438,-0.387046217918396,-0.6260061860084534,-0.2068893313407898,-0.4320906102657318,-0.7346656322479248,-0.2408735454082489,-0.18049657344818115,-0.4204072654247284,-0.10884179174900055,-0.2585223615169525,-0.6266186237335205,-0.16992992162704468,-0.30974146723747253,-0.7652072310447693,-0.21682073175907135,-0.3570225238800049,-0.8994302749633789,-0.2521115243434906,-0.10097111016511917,-0.4510495364665985,-0.12513184547424316,-0.14881585538387299,-0.6627784967422485,-0.1902434527873993,-0.18810449540615082,-0.8022431135177612,-0.23200805485248566,-0.22997422516345978,-0.9314717650413513,-0.26002243161201477,-0.013936860486865044,-0.4460379183292389,-0.14562946557998657,-0.02812635712325573,-0.6410396099090576,-0.2044059783220291,-0.04524662345647812,-0.7696831822395325,-0.23454399406909943,-0.06882422417402267,-0.8923593163490295,-0.2553430497646332
open_palm,0.0,0.0,0.0,-0.13207842409610748,0.02135619707405567,-0.06318111717700958,-0.25206202268600464,-0.03482631593942642,-0.10833846032619476,-0.3459424674510956,-0.08430866152048111,-0.14849045872688293,-0.4328255355358124,-0.10694853216409683,-0.19172587990760803,-0.2363630086183548,-0.3548978865146637,-0.0996987372636795,-0.3143447935581207,-0.5353431105613708,-0.1629888415336609,-0.3652045726776123,-0.647509753704071,-0.2094656080007553,-0.40873080492019653,-0.754952073097229,-0.24413515627384186,-0.165634885430336,-0.42493122816085815,-0.11183150112628937,-0.2401282787322998,-0.6336811184883118,-0.17576450109481812,-0.2889799177646637,-0.7734559178352356,-0.2242717742919922,-0.33387377858161926,-0.9060273766517639,-0.2600819170475006,-0.08710239827632904,-0.44588252902030945,-0.13017365336418152,-0.1353895366191864,-0.6566963195800781,-0.19726179540157318,-0.17132668197155,-0.7968922853469849,-0.24005557596683502,-0.20982515811920166,-0.9264817237854004,-0.26855945587158203,-0.0019794569816440344,-0.43185174465179443,-0.15230539441108704,-0.014814856462180614,-0.6216658353805542,-0.21333687007427216,-0.030684050172567368,-0.7505952715873718,-0.24493639171123505,-0.052379488945007324,-0.8747270703315735,-0.2665230333805084
open_palm,0.0,0.0,0.0,-0.12965744733810425,0.008062506094574928,-0.05462125316262245,-0.24717634916305542,-0.05881944298744202,-0.09531843662261963,-0.3385773003101349,-0.11387991905212402,-0.13197603821754456,-0.4244043827056885,-0.1364317536354065,-0.171463280916214,-0.22954413294792175,-0.37015584111213684,-0.08698619157075882,-0.3044608235359192,-0.552971601486206,-0.14427867531776428,-0.3547605574131012,-0.6668781042098999,-0.1861279159784317,-0.3982231914997101,-0.7751988172531128,-0.2173200249671936,-0.1591688096523285,-0.4315223693847656,-0.10083633661270142,-0.23141273856163025,-0.6428490877151489,-0.15841512382030487,-0.2790491282939911,-0.7847002744674683,-0.20135681331157684,-0.3232264816761017,-0.9173570275306702,-0.23233743011951447,-0.08034132421016693,-0.44421467185020447,-0.12019819021224976,-0.12891536951065063,-0.6605100631713867,-0.18178826570510864,-0.16603098809719086,-0.8053485751152039,-0.21938228607177734,-0.20681598782539368,-0.9399547576904297,-0.243808776140213,0.004814333748072386,-0.4232560098171234,-0.1426263451576233,-0.008244884200394154,-0.6156993508338928,-0.19923020899295807,-0.024023843929171562,-0.7445197105407715,-0.22613824903964996,-0.046825867146253586,-0.8675378561019897,-0.24355366826057434
open_palm,0.0,0.0,0.0,-0.13415035605430603,0.004810472950339317,-0.0603543184697628,-0.2508413791656494,-0.0734676644206047,-0.1041901558637619,-0.33944785594940186,-0.13459764420986176,-0.14349184930324554,-0.425333172082901,-0.1656089425086975,-0.18662142753601074,-0.22416280210018158,-0.37296438217163086,-0.10020211338996887,-0.29242417216300964,-0.559089720249176,-0.16348865628242493,-0.3409077525138855,-0.6727293729782104,-0.20955756306648254,-0.38307130336761475,-0.7789883613586426,-0.24461285769939423,-0.1517699956893921,-0.42896828055381775,-0.11520768702030182,-0.21785984933376312,-0.6415265202522278,-0.18240253627300262,-0.2623153626918793,-0.7814215421676636,-0.23339754343032837,-0.30397695302963257,-0.9134304523468018,-0.2706339657306671,-0.07388133555650711,-0.4359770715236664,-0.13611957430839539,-0.11938123404979706,-0.6509569883346558,-0.20812764763832092,-0.15435941517353058,-0.7917993664741516,-0.2563489079475403,-0.1922110617160797,-0.9250136017799377,-0.28842854499816895,0.007784371729940176,-0.40787068009376526,-0.1599564552307129,-0.0018301025265827775,-0.5931710004806519,-0.22745326161384583,-0.014787056483328342,-0.7220653891563416,-0.2648036479949951,-0.03308140113949776,-0.8497491478919983,-0.2905827462673187
open_palm,0.0,0.0,0.0,-0.13201090693473816,-0.00769641762599349,-0.052370745688676834,-0.2470390647649765,-0.0938839539885521,-0.09249992668628693,-0.33341214060783386,-0.15697090327739716,-0.12998250126838684,-0.41711047291755676,-0.1955268532037735,-0.17122548818588257,-0.21694380044937134,-0.39064717292785645,-0.08847520500421524,-0.28236666321754456,-0.576133668422699,-0.14861342310905457,-0.3281959891319275,-0.6896891593933105,-0.19293861091136932,-0.36828333139419556,-0.795420229434967,-0.22690756618976593,-0.14539657533168793,-0.4409676194190979,-0.10680300742387772,-0.21006689965724945,-0.6524598002433777,-0.17063117027282715,-0.2531619071960449,-0.7910177707672119,-0.2197493612766266,-0.29414185881614685,-0.9209239482879639,-0.25569450855255127,-0.06825611740350723,-0.4431155025959015,-0.13079023361206055,-0.11360955238342285,-0.6547608971595764,-0.1993941068649292,-0.14924217760562897,-0.7912397980690002,-0.24533748626708984,-0.18877357244491577,-0.9206300377845764,-0.2761128544807434,0.012769828550517559,-0.4109242558479309,-0.15737123787403107,0.004991070833057165,-0.5928783416748047,-0.22205033898353577,-0.008208108134567738,-0.7190137505531311,-0.2578319013118744,-0.027496853843331337,-0.8433135151863098,-0.28259968757629395
open_palm,0.0,0.0,0.0,-0.12301371991634369,-0.017838969826698303,-0.04983167722821236,-0.2329755276441574,-0.11420323699712753,-0.08576765656471252,-0.3179349899291992,-0.19109342992305756,-0.1184685081243515,-0.39929530024528503,-0.23469199240207672,-0.15369485318660736,-0.19750940799713135,-0.41032129526138306,-0.07742467522621155,-0.2612127959728241,-0.6003572344779968,-0.13066083192825317,-0.3048977255821228,-0.7160332202911377,-0.1691054254770279,-0.3437223434448242,-0.8245223164558411,-0.19770920276641846,-0.12716981768608093,-0.4552675485610962,-0.0913642942905426,-0.1860244870185852,-0.671335756778717,-0.1459495574235916,-0.2266945093870163,-0.810879647731781,-0.18642938137054443,-0.2662864625453949,-0.9396366477012634,-0.21488241851329803,-0.049280066043138504,-0.45188212394714355,-0.110560841858387,-0.08699259161949158,-0.6616699695587158,-0.17000684142112732,-0.12109889090061188,-0.801528811454773,-0.20602546632289886,-0.15978313982486725,-0.9331462383270264,-0.22839395701885223,0.033170200884342194,-0.4150472581386566,-0.13240991532802582,0.029845502227544785,-0.6068271398544312,-0.1867109090089798,0.021187899634242058,-0.7345831394195557,-0.21216057240962982,0.004883426707237959,-0.856357216835022,-0.22795186936855316
open_palm,0.0,0.0,0.0,-0.12622502446174622,-0.009220704436302185,-0.05284745246171951,-0.23817719519138336,-0.08810318261384964,-0.08841540664434433,-0.33094170689582825,-0.15585482120513916,-0.12045498937368393,-0.41277727484703064,-0.20206527411937714,-0.15334120392799377,-0.20988604426383972,-0.3947090804576874,-0.06683491170406342,-0.2738892138004303,-0.5841913223266602,-0.11518697440624237,-0.3170413374900818,-0.6989273428916931,-0.1515427678823471,-0.35461312532424927,-0.8085672855377197,-0.17885549366474152,-0.137425035238266,-0.4467046558856964,-0.07671339809894562,-0.19670860469341278,-0.664611279964447,-0.12450743466615677,-0.23670387268066406,-0.8086409568786621,-0.16179417073726654,-0.2737380862236023,-0.9430813789367676,-0.18885190784931183,-0.058284662663936615,-0.4516574442386627,-0.09310440719127655,-0.09225116670131683,-0.6659317016601562,-0.14650467038154602,-0.12147469073534012,-0.8066982626914978,-0.1805131584405899,-0.15570595860481262,-0.9358782172203064,-0.20177805423736572,0.02570737712085247,-0.42424267530441284,-0.11284700781106949,0.025833070278167725,-0.6172168850898743,-0.16254661977291107,0.01707368902862072,-0.7453479766845703,-0.18709860742092133,-0.00042364909313619137,-0.8664401173591614,-0.20230968296527863
open_palm,0.0,0.0,0.0,-0.12606950104236603,-0.008818265981972218,-0.054253894835710526,-0.23938439786434174,-0.08823060989379883,-0.09170396625995636,-0.331123411655426,-0.15586362779140472,-0.12488492578268051,-0.41399821639060974,-0.1957251876592636,-0.1595378965139389,-0.21088163554668427,-0.39403754472732544,-0.07319647073745728,-0.27498817443847656,-0.5856521725654602,-0.12299145758152008,-0.3184926211833954,-0.7014455795288086,-0.15975148975849152,-0.3555998206138611,-0.8103817105293274,-0.18699875473976135,-0.13706298172473907,-0.4469464421272278,-0.0830734372138977,-0.19528743624687195,-0.6687507629394531,-0.1316906064748764,-0.23385562002658844,-0.8101918697357178,-0.16837117075920105,-0.26970362663269043,-0.9430696368217468,-0.19462722539901733,-0.05663982778787613,-0.452508807182312,-0.09908552467823029,-0.09102925658226013,-0.6721635460853577,-0.152330219745636,-0.12064337730407715,-0.8219268321990967,-0.1846168488264084,-0.15482501685619354,-0.9611753225326538,-0.20493504405021667,0.028952738270163536,-0.4247153103351593,-0.11839500814676285,0.026340268552303314,-0.6185371279716492,-0.16690008342266083,0.015530127100646496,-0.7485591173171997,-0.1885916143655777,-0.0034208393190056086,-0.8720672726631165,-0.20186007022857666
open_palm,0.0,0.0,0.0,-0.128254234790802,0.0006210752762854099,-0.05539526045322418,-0.24638333916664124,-0.062114592641592026,-0.09344760328531265,-0.3442888557910919,-0.111393041908741,-0.12716956436634064,-0.4303833842277527,-0.12476227432489395,-0.1626332700252533,-0.22613126039505005,-0.3800414502620697,-0.07078950107097626,-0.29774147272109985,-0.5599822998046875,-0.11858822405338287,-0.3437861502170563,-0.667904257774353,-0.1555035412311554,-0.3831005394458771,-0.7777267098426819,-0.18413643538951874,-0.15177424252033234,-0.45102301239967346,-0.08050975203514099,-0.2156558781862259,-0.6570028066635132,-0.12651191651821136,-0.25937744975090027,-0.7927013039588928,-0.1642092615365982,-0.30156171321868896,-0.9272444248199463,-0.19314225018024445,-0.0704442635178566,-0.47014349699020386,-0.096403568983078,-0.10999272763729095,-0.6857534646987915,-0.14834631979465485,-0.14203625917434692,-0.828319787979126,-0.18005597591400146,-0.17890699207782745,-0.9630913138389587,-0.20111539959907532,0.014871741645038128,-0.4531923532485962,-0.11588481813669205,0.0024418970569968224,-0.6438490748405457,-0.16346228122711182,-0.011364447884261608,-0.7746852040290833,-0.18409277498722076,-0.03222057595849037,-0.9011120796203613,-0.1974550187587738
open_palm,0.0,0.0,0.0,-0.13109064102172852,0.015008116140961647,-0.05750003829598427,-0.2528245747089386,-0.03877842426300049,-0.09914538264274597,-0.3511804938316345,-0.08742668479681015,-0.13624538481235504,-0.44090989232063293,-0.10450195521116257,-0.17540426552295685,-0.24290314316749573,-0.3589684069156647,-0.08165270835161209,-0.3204438090324402,-0.5387388467788696,-0.13706494867801666,-0.37097105383872986,-0.6484717726707458,-0.1788172721862793,-0.41433924436569214,-0.7554656267166138,-0.21003563702106476,-0.17202842235565186,-0.4332146644592285,-0.09293167293071747,-0.2460080236196518,-0.6424373984336853,-0.14642730355262756,-0.2939668595790863,-0.7802655100822449,-0.1879347562789917,-0.3389667868614197,-0.9119046926498413,-0.21841584146022797,-0.09121078997850418,-0.45625412464141846,-0.11031309515237808,-0.14053919911384583,-0.67500239610672,-0.1678001433610916,-0.17711831629276276,-0.8173585534095764,-0.20210707187652588,-0.21773363649845123,-0.9498322606086731,-0.22452348470687866,-0.003219898557290435,-0.44265395402908325,-0.13126197457313538,-0.018445149064064026,-0.6362734436988831,-0.183784618973732,-0.03601070120930672,-0.7653538584709167,-0.20705443620681763,-0.06020771339535713,-0.8888307213783264,-0.22171881794929504
open_palm,0.0,0.0,0.0,-0.12797965109348297,0.0037493344862014055,-0.05305913835763931,-0.24694272875785828,-0.06971289217472076,-0.0907619446516037,-0.3415588140487671,-0.12696430087089539,-0.12450210750102997,-0.42933201789855957,-0.15435300767421722,-0.16008184850215912,-0.23371657729148865,-0.3780813217163086,-0.074715256690979,-0.311136931180954,-0.5588998198509216,-0.12769457697868347,-0.363174706697464,-0.6704778075218201,-0.16741061210632324,-0.407897412776947,-0.7766740918159485,-0.19689339399337769,-0.16510502994060516,-0.4413512349128723,-0.08684824407100677,-0.24076691269874573,-0.6499392986297607,-0.13842041790485382,-0.2896885573863983,-0.7896125912666321,-0.17761936783790588,-0.33521920442581177,-0.91945880651474,-0.20548388361930847,-0.0854659304022789,-0.45631375908851624,-0.10484301298856735,-0.13934458792209625,-0.6710951328277588,-0.16068211197853088,-0.17725567519664764,-0.812394917011261,-0.1932130604982376,-0.21867072582244873,-0.9448789954185486,-0.21369437873363495,0.001051850151270628,-0.4370964467525482,-0.12614764273166656,-0.0177877489477396,-0.6262578964233398,-0.17758503556251526,-0.03723391517996788,-0.752877414226532,-0.19988761842250824,-0.06288081407546997,-0.8748490810394287,-0.21334697306156158
open_palm,0.0,0.0,0.0,-0.1287534236907959,0.00022367989004123956,-0.05160438269376755,-0.24754250049591064,-0.08132544159889221,-0.08892980962991714,-0.336943119764328,-0.14852698147296906,-0.1227688416838646,-0.4211111068725586,-0.18229320645332336,-0.15939393639564514,-0.2272382229566574,-0.38362622261047363,-0.08163456618785858,-0.30117592215538025,-0.5676484107971191,-0.1375885009765625,-0.35272395610809326,-0.6793160438537598,-0.1788482517004013,-0.3976667523384094,-0.7844475507736206,-0.2099134624004364,-0.15955989062786102,-0.4404669404029846,-0.09649977833032608,-0.23232005536556244,-0.6519443988800049,-0.15315891802310944,-0.28170204162597656,-0.7901230454444885,-0.1957503706216812,-0.32724013924598694,-0.9174248576164246,-0.22637474536895752,-0.0828530341386795,-0.4492098093032837,-0.11687447875738144,-0.13426463305950165,-0.6638004183769226,-0.17700305581092834,-0.17479580640792847,-0.8039034605026245,-0.21475458145141602,-0.21752852201461792,-0.9344324469566345,-0.23960000276565552,0.0007886052480898798,-0.4235553741455078,-0.14025011658668518,-0.015605749562382698,-0.6076046824455261,-0.19647620618343353,-0.03467787802219391,-0.7344321012496948,-0.22452010214328766,-0.05873169004917145,-0.8572491407394409,-0.2429271787405014
open_palm,0.0,0.0,0.0,-0.12512065470218658,-0.019193504005670547,-0.040566328912973404,-0.24174876511096954,-0.1255851536989212,-0.07156562060117722,-0.3246973752975464,-0.20681361854076385,-0.1006137803196907,-0.404331237077713,-0.25471311807632446,-0.13322007656097412,-0.21313659846782684,-0.407042533159256,-0.07427509874105453,-0.2766227424144745,-0.5974905490875244,-0.12859077751636505,-0.32357722520828247,-0.7090470194816589,-0.16776952147483826,-0.366820365190506,-0.8106282353401184,-0.19706515967845917,-0.14594034850597382,-0.44944289326667786,-0.09351582080125809,-0.20919857919216156,-0.6653288006782532,-0.14983193576335907,-0.2541373074054718,-0.8028146028518677,-0.1915128231048584,-0.2980610728263855,-0.9287036061286926,-0.22061114013195038,-0.07017414271831512,-0.44400453567504883,-0.11710382252931595,-0.11586339771747589,-0.6607151627540588,-0.17789871990680695,-0.1535225212574005,-0.8043343424797058,-0.21585097908973694,-0.19515343010425568,-0.9402080774307251,-0.2401004284620285,0.011479188688099384,-0.40427273511886597,-0.14226150512695312,-0.0012006345205008984,-0.5876019597053528,-0.20047631859779358,-0.016726814210414886,-0.7153648734092712,-0.22903606295585632,-0.03763730823993683,-0.8407695889472961,-0.24701343476772308
open_palm,0.0,0.0,0.0,-0.1263885498046875,-0.029033364728093147,-0.03887450322508812,-0.24201424419879913,-0.14564378559589386,-0.06629175692796707,-0.3248680531978607,-0.2357124537229538,-0.09185803681612015,-0.40481215715408325,-0.2842126488685608,-0.12052292376756668,-0.20916178822517395,-0.41714563965797424,-0.06483776122331619,-0.27308589220046997,-0.6068474054336548,-0.11346910893917084,-0.3186684548854828,-0.7187322378158569,-0.14945435523986816,-0.36111414432525635,-0.8210878968238831,-0.17688825726509094,-0.14320936799049377,-0.4559752345085144,-0.08269145339727402,-0.2074786126613617,-0.6708999276161194,-0.13305741548538208,-0.25201502442359924,-0.8092742562294006,-0.17206953465938568,-0.29514551162719727,-0.9342572689056396,-0.20013123750686646,-0.06970513612031937,-0.4484100937843323,-0.10498946160078049,-0.1152292862534523,-0.6627663969993591,-0.16029776632785797,-0.15060250461101532,-0.8036758899688721,-0.19556227326393127,-0.18794018030166626,-0.9323070049285889,-0.2184562385082245,0.007935176603496075,-0.40732842683792114,-0.1291697770357132,-0.006814517546445131,-0.5914000272750854,-0.1815921664237976,-0.020621217787265778,-0.7196983695030212,-0.20742568373680115,-0.038335878401994705,-0.842342734336853,-0.22419294714927673
open_palm,0.0,0.0,0.0,-0.12742744386196136,-0.0393950529396534,-0.023351337760686874,-0.2283392995595932,-0.17412249743938446,-0.0488031767308712,-0.29317429661750793,-0.2736295759677887,-0.07764971256256104,-0.3692055344581604,-0.33717480301856995,-0.11445462703704834,-0.19125168025493622,-0.4275383949279785,-0.07409849017858505,-0.2449425607919693,-0.6230478286743164,-0.13219620287418365,-0.28851497173309326,-0.7375937104225159,-0.17585095763206482,-0.3319787085056305,-0.8369144201278687,-0.21088148653507233,-0.12421019375324249,-0.4481968283653259,-0.10940027981996536,-0.18196645379066467,-0.6622649431228638,-0.17606854438781738,-0.22347427904605865,-0.7980862259864807,-0.23221807181835175,-0.26650792360305786,-0.9238691926002502,-0.274662047624588,-0.054559048265218735,-0.4249953031539917,-0.14738178253173828,-0.09493196755647659,-0.6282752752304077,-0.2198999673128128,-0.12844417989253998,-0.7699189782142639,-0.27617549896240234,-0.16377899050712585,-0.8990549445152283,-0.3153875172138214,0.016376322135329247,-0.3683573603630066,-0.18476824462413788,0.0002690143301151693,-0.5419440865516663,-0.25508734583854675,-0.011344535276293755,-0.6671867370605469,-0.2986016273498535,-0.02449648082256317,-0.7868753671646118,-0.33070653676986694
open_palm,0.0,0.0,0.0,-0.11482232064008713,-0.05413685739040375,-0.02991476096212864,-0.20929096639156342,-0.2017345130443573,-0.05623793974518776,-0.26901188492774963,-0.3189789354801178,-0.08279582113027573,-0.3366258144378662,-0.3944002091884613,-0.1149713471531868,-0.1687256097793579,-0.4452153444290161,-0.07702213525772095,-0.21282780170440674,-0.6487149596214294,-0.13427454233169556,-0.24989578127861023,-0.7641651034355164,-0.17531362175941467,-0.28788185119628906,-0.8661074042320251,-0.2064652442932129,-0.10705331712961197,-0.45709675550460815,-0.1030803844332695,-0.1546740084886551,-0.6769939064979553,-0.16616599261760712,-0.19166846573352814,-0.8146682977676392,-0.2140071988105774,-0.23121319711208344,-0.9407218098640442,-0.24815934896469116,-0.04142233356833458,-0.42472413182258606,-0.1318400353193283,-0.07484222203493118,-0.6342978477478027,-0.19802531599998474,-0.10287919640541077,-0.7749642729759216,-0.24175384640693665,-0.13390357792377472,-0.9053088426589966,-0.2705932855606079,0.027734676375985146,-0.35992321372032166,-0.16096334159374237,0.018412582576274872,-0.5319596529006958,-0.2243093103170395,0.010313832201063633,-0.6547021865844727,-0.2581513524055481,0.00011203494796063751,-0.7720116972923279,-0.281008780002594
open_palm,0.0,0.0,0.0,-0.10720716416835785,-0.07078200578689575,-0.02801576629281044,-0.19133861362934113,-0.2227880358695984,-0.05254504829645157,-0.24163098633289337,-0.3436223566532135,-0.07688245177268982,-0.29991385340690613,-0.4327022135257721,-0.10553804039955139,-0.15264278650283813,-0.45602333545684814,-0.071713887155056,-0.18815648555755615,-0.6657428741455078,-0.12623290717601776,-0.22002629935741425,-0.7854481935501099,-0.16497372090816498,-0.25388219952583313,-0.8931877613067627,-0.19345001876354218,-0.09643025696277618,-0.45722466707229614,-0.09576412290334702,-0.13492992520332336,-0.6813819408416748,-0.152930349111557,-0.1674216389656067,-0.8236570358276367,-0.19484595954418182,-0.20201914012432098,-0.9533341526985168,-0.22437092661857605,-0.03557225316762924,-0.41443777084350586,-0.12229794263839722,-0.06213528662919998,-0.6320123076438904,-0.18143559992313385,-0.08413731306791306,-0.7748607993125916,-0.21675078570842743,-0.1094309464097023,-0.9079856276512146,-0.2396155595779419,0.02943020686507225,-0.33953070640563965,-0.14959117770195007,0.025342153385281563,-0.5130153894424438,-0.20693859457969666,0.02137419581413269,-0.6353397369384766,-0.2339339703321457,0.015026478096842766,-0.7528895735740662,-0.25093239545822144
open_palm,0.0,0.0,0.0,-0.10446760803461075,-0.0862872302532196,-0.018540289252996445,-0.177615225315094,-0.26145273447036743,-0.03445911407470703,-0.2218182533979416,-0.39160770177841187,-0.05193182826042175,-0.2772212326526642,-0.48258498311042786,-0.07349710911512375,-0.14221887290477753,-0.47815370559692383,-0.04709289222955704,-0.17543981969356537,-0.6826497912406921,-0.09219850599765778,-0.20591984689235687,-0.8046987652778625,-0.12667548656463623,-0.2378532588481903,-0.9118367433547974,-0.15287093818187714,-0.09175238013267517,-0.47849613428115845,-0.0719667598605156,-0.12215067446231842,-0.6986312866210938,-0.11961384117603302,-0.15431509912014008,-0.8391847610473633,-0.15853281319141388,-0.18895867466926575,-0.9641351103782654,-0.1863817423582077,-0.0378316193819046,-0.4338955879211426,-0.09913928806781769,-0.05988789722323418,-0.6527509689331055,-0.14910142123699188,-0.08164981752634048,-0.7919422388076782,-0.18261490762233734,-0.10631843656301498,-0.9182201027870178,-0.20538704097270966,0.018629010766744614,-0.3538496196269989,-0.12685516476631165,0.018868042156100273,-0.5176445245742798,-0.17742012441158295,0.016219107434153557,-0.634587287902832,-0.20264481008052826,0.012650838121771812,-0.7456932663917542,-0.21911464631557465
open_palm,0.0,0.0,0.0,-0.09960577636957169,-0.10068561881780624,-0.002095265779644251,-0.16408078372478485,-0.28128719329833984,-0.010983926244080067,-0.1975713074207306,-0.41519540548324585,-0.025434162467718124,-0.23778371512889862,-0.5223554372787476,-0.04481349140405655,-0.12823157012462616,-0.48880791664123535,-0.03302359580993652,-0.15704204142093658,-0.6895886659622192,-0.07678841799497604,-0.1874159425497055,-0.8123478293418884,-0.10982401669025421,-0.21986359357833862,-0.9143068790435791,-0.1351369172334671,-0.08413119614124298,-0.4827868640422821,-0.0667065903544426,-0.11269079893827438,-0.7007741332054138,-0.1157873123884201,-0.14304861426353455,-0.8433293104171753,-0.1558634489774704,-0.1750793159008026,-0.9671429395675659,-0.1843416541814804,-0.03765781596302986,-0.43611663579940796,-0.10193540155887604,-0.05610647797584534,-0.6472132205963135,-0.15589648485183716,-0.07757671177387238,-0.7887369990348816,-0.1942407637834549,-0.09994781762361526,-0.9145541191101074,-0.21962353587150574,0.010431403294205666,-0.3578023910522461,-0.13597728312015533,0.011305456049740314,-0.5196164846420288,-0.19071383774280548,0.011353012174367905,-0.6307927966117859,-0.21984510123729706,0.012273247353732586,-0.7334486246109009,-0.23899726569652557
open_palm,0.0,0.0,0.0,-0.10750610381364822,-0.11885692179203033,0.009740977548062801,-0.16815656423568726,-0.29807645082473755,0.002179256407544017,-0.2009904533624649,-0.434601753950119,-0.013950076885521412,-0.24142862856388092,-0.5541267991065979,-0.035061065107584,-0.13243448734283447,-0.5019707083702087,-0.01965823583304882,-0.15482710301876068,-0.6964627504348755,-0.06055469438433647,-0.18407216668128967,-0.8100497722625732,-0.09287907928228378,-0.2181835174560547,-0.9047808647155762,-0.11848078668117523,-0.09212180227041245,-0.48971837759017944,-0.06163162738084793,-0.11353429406881332,-0.7057837843894958,-0.10790953040122986,-0.14357490837574005,-0.8470562696456909,-0.14842455089092255,-0.1768973171710968,-0.9679771065711975,-0.17812272906303406,-0.04990990087389946,-0.4329608380794525,-0.10468949377536774,-0.06111764907836914,-0.6474564075469971,-0.15507647395133972,-0.07846777141094208,-0.7915862202644348,-0.19214323163032532,-0.0987601950764656,-0.9209819436073303,-0.21804261207580566,-0.005689234472811222,-0.3412955701351166,-0.14590679109096527,-0.0005660802708007395,-0.5108723044395447,-0.1962205320596695,-0.0033677888568490744,-0.6263284683227539,-0.22291623055934906,-0.0072434875182807446,-0.733171284198761,-0.241708904504776
open_palm,0.0,0.0,0.0,-0.0924510508775711,-0.1334347128868103,0.013954602181911469,-0.1343277394771576,-0.3026208281517029,0.005376867018640041,-0.1552448719739914,-0.4229544699192047,-0.012157473713159561,-0.18874101340770721,-0.5162559151649475,-0.03674525395035744,-0.10130524635314941,-0.49263766407966614,-0.03518526256084442,-0.11931175738573074,-0.681281566619873,-0.08481742441654205,-0.14160972833633423,-0.8076170682907104,-0.12157536298036575,-0.16306914389133453,-0.9139556288719177,-0.14960815012454987,-0.0683673545718193,-0.46689286828041077,-0.08004557341337204,-0.0835958868265152,-0.682063639163971,-0.13542383909225464,-0.09931445866823196,-0.8342227935791016,-0.17918209731578827,-0.11243455111980438,-0.971058189868927,-0.21072347462177277,-0.03391712158918381,-0.4001275897026062,-0.1244773119688034,-0.04234026372432709,-0.5955347418785095,-0.18220621347427368,-0.05604074150323868,-0.7294052839279175,-0.22161172330379486,-0.06781906634569168,-0.8546983003616333,-0.24864289164543152,0.002417890587821603,-0.3032604157924652,-0.1663500964641571,0.010159316472709179,-0.4549221396446228,-0.22341491281986237,0.00855758786201477,-0.5598711967468262,-0.2544994354248047,0.009554033167660236,-0.6604653596878052,-0.27655693888664246
open_palm,0.0,0.0,0.0,-0.08701635897159576,-0.1723984032869339,0.04964194819331169,-0.11963160336017609,-0.32849159836769104,0.0505211167037487,-0.140398308634758,-0.4441074728965759,0.033879198133945465,-0.17448222637176514,-0.5564995408058167,0.005815648473799229,-0.06748637557029724,-0.48049911856651306,-0.026865070685744286,-0.08163921535015106,-0.6683638095855713,-0.08099430799484253,-0.1034567654132843,-0.8001350164413452,-0.12135497480630875,-0.1231832206249237,-0.9061111211776733,-0.15517255663871765,-0.0361524298787117,-0.44403213262557983,-0.1004108190536499,-0.04419973865151405,-0.6640315651893616,-0.17335766553878784,-0.05716361477971077,-0.8234149813652039,-0.23214305937290192,-0.0696600154042244,-0.9585139751434326,-0.27640265226364136,-0.01014120876789093,-0.37494194507598877,-0.17033866047859192,-0.012657646089792252,-0.5715327858924866,-0.24536021053791046,-0.023238206282258034,-0.7169361710548401,-0.3003268837928772,-0.031101884320378304,-0.8462727665901184,-0.3400465250015259,0.011321371421217918,-0.2822641432285309,-0.23354977369308472,0.014163240790367126,-0.43230748176574707,-0.3120749592781067,0.011960983276367188,-0.5474375486373901,-0.3614059090614319,0.015753526240587234,-0.6517249345779419,-0.39884552359580994
open_palm,0.0,0.0,0.0,-0.07915113121271133,-0.18278652429580688,0.05128634721040726,-0.10548201203346252,-0.3462862968444824,0.053585655987262726,-0.12206217646598816,-0.46138128638267517,0.03879943862557411,-0.14919041097164154,-0.5787318348884583,0.013575333170592785,-0.05234834924340248,-0.4928310513496399,-0.02347933128476143,-0.05666480213403702,-0.6784315705299377,-0.07636162638664246,-0.0754135400056839,-0.8128347396850586,-0.11525088548660278,-0.09500841051340103,-0.9196901321411133,-0.14678926765918732,-0.023411354050040245,-0.45463699102401733,-0.09465964138507843,-0.028086751699447632,-0.673224687576294,-0.16346153616905212,-0.045686058700084686,-0.8317684531211853,-0.2163175642490387,-0.06574627757072449,-0.964535117149353,-0.25563520193099976,0.00024461932480335236,-0.3860781490802765,-0.16220049560070038,-0.00029345587245188653,-0.5867637991905212,-0.23208087682724,-0.014037108048796654,-0.7327184677124023,-0.28010693192481995,-0.027145884931087494,-0.8622429370880127,-0.3144479990005493,0.022157197818160057,-0.29276180267333984,-0.22326761484146118,0.027364807203412056,-0.4465177059173584,-0.29567694664001465,0.02220759354531765,-0.5663121938705444,-0.3395150899887085,0.02053012326359749,-0.6728354096412659,-0.37242352962493896
open_palm,0.0,0.0,0.0,0.06892784684896469,-0.15935666859149933,0.03214329853653908,0.09354505687952042,-0.33115604519844055,0.028469955548644066,0.09888847917318344,-0.47562626004219055,0.02046584151685238,0.09726398438215256,-0.5913422703742981,0.005711550824344158,0.10887008160352707,-0.4036252498626709,-0.06164856255054474,0.11553655564785004,-0.6739401817321777,-0.09939853101968765,0.10565568506717682,-0.8354291319847107,-0.11553604155778885,0.09361940622329712,-0.9582380056381226,-0.1237947940826416,0.06641784310340881,-0.37103474140167236,-0.09619405120611191,0.0645630955696106,-0.665325403213501,-0.13886207342147827,0.046885307878255844,-0.848727822303772,-0.15772223472595215,0.03140590712428093,-0.9849647283554077,-0.16987697780132294,0.007738878019154072,-0.3286592364311218,-0.12275663018226624,-0.0005399755318649113,-0.6021283268928528,-0.1581457406282425,-0.010321893729269505,-0.7768369913101196,-0.1745569258928299,-0.01341267116367817,-0.9107140302658081,-0.18533210456371307,-0.06223572790622711,-0.278167188167572,-0.14281640946865082,-0.07873765379190445,-0.47947800159454346,-0.17883536219596863,-0.07881499081850052,-0.6027879118919373,-0.19209401309490204,-0.07311391830444336,-0.7136772871017456,-0.19879473745822906
open_palm,0.0,0.0,0.0,0.07006005942821503,-0.15312375128269196,0.029322119429707527,0.10114505887031555,-0.3494432866573334,0.02330532670021057,0.12208621948957443,-0.5155589580535889,0.01394956186413765,0.15359236299991608,-0.6331777572631836,-0.0026815244928002357,0.11518339812755585,-0.4006233215332031,-0.06826629489660263,0.11629489064216614,-0.6811826825141907,-0.1064414530992508,0.10709825158119202,-0.8430443406105042,-0.12261132150888443,0.09484922140836716,-0.9650099277496338,-0.1312839388847351,0.06402472406625748,-0.36908721923828125,-0.1019555851817131,0.05730548873543739,-0.6674729585647583,-0.14266477525234222,0.03647398203611374,-0.8508253693580627,-0.1581149846315384,0.016127517446875572,-0.9855396747589111,-0.16867534816265106,0.00020883897377643734,-0.3280890882015228,-0.12808673083782196,-0.010605149902403355,-0.602638840675354,-0.16182824969291687,-0.019930491223931313,-0.781186044216156,-0.17522011697292328,-0.02477516606450081,-0.9177219867706299,-0.18465042114257812,-0.07449150085449219,-0.2765118181705475,-0.1478954404592514,-0.09171736985445023,-0.4843440055847168,-0.1800445020198822,-0.09231327474117279,-0.6114310026168823,-0.18990598618984222,-0.08643736690282822,-0.7241964340209961,-0.19534707069396973
open_palm,0.0,0.0,0.0,0.07396528124809265,-0.150906503200531,0.02949461154639721,0.1124366819858551,-0.33783090114593506,0.019792180508375168,0.14330151677131653,-0.4954209625720978,0.008334911428391933,0.19157487154006958,-0.5948274731636047,-0.010086883790791035,0.11884049326181412,-0.39542356133461,-0.08574109524488449,0.13159997761249542,-0.6693318486213684,-0.13001225888729095,0.12129037827253342,-0.8346478343009949,-0.14596357941627502,0.1089126318693161,-0.9544559121131897,-0.15363533794879913,0.06170642375946045,-0.3634203374385834,-0.11877652257680893,0.06680356711149216,-0.6623496413230896,-0.1741875261068344,0.047447312623262405,-0.8482388257980347,-0.19057901203632355,0.029321664944291115,-0.9796185493469238,-0.1987149864435196,-0.00703846663236618,-0.3222336173057556,-0.14267651736736298,-0.01113884337246418,-0.5995603799819946,-0.18913355469703674,-0.01746065355837345,-0.7803124785423279,-0.20224860310554504,-0.01953921653330326,-0.9141872525215149,-0.20775556564331055,-0.08257387578487396,-0.27101078629493713,-0.1589019000530243,-0.09732548892498016,-0.48353058099746704,-0.20007601380348206,-0.09624133259057999,-0.6133738160133362,-0.21192362904548645,-0.09021489322185516,-0.7269596457481384,-0.21662701666355133
open_palm,0.0,0.0,0.0,0.08657629042863846,-0.12991610169410706,0.004141552373766899,0.13752926886081696,-0.3114161491394043,-0.015048467554152012,0.1764216125011444,-0.46442291140556335,-0.033060431480407715,0.23049160838127136,-0.5484825372695923,-0.05731535702943802,0.12712198495864868,-0.3436658978462219,-0.09917297214269638,0.14256541430950165,-0.5988385677337646,-0.14347660541534424,0.1401451826095581,-0.762295126914978,-0.16274066269397736,0.13641074299812317,-0.8950924873352051,-0.1753312051296234,0.06323971599340439,-0.3268861472606659,-0.12408798933029175,0.07103661447763443,-0.6118089556694031,-0.17881734669208527,0.0669194757938385,-0.8130208253860474,-0.2057059109210968,0.06318593770265579,-0.9723708629608154,-0.22472721338272095,-0.006847653072327375,-0.29594317078590393,-0.14127326011657715,-0.006435905117541552,-0.5534660816192627,-0.1866382658481598,-0.00442491564899683,-0.7307790517807007,-0.20673929154872894,0.0006875736289657652,-0.8701978325843811,-0.2199317365884781,-0.07816106081008911,-0.2581888735294342,-0.15401910245418549,-0.08530790358781815,-0.4502241611480713,-0.19673404097557068,-0.0837995633482933,-0.5745659470558167,-0.21419885754585266,-0.08023941516876221,-0.6904630661010742,-0.22468413412570953
open_palm,0.0,0.0,0.0,0.09441129863262177,-0.12852245569229126,0.010263633914291859,0.15645498037338257,-0.3104887902736664,-0.007069821935147047,0.19957400858402252,-0.46428558230400085,-0.023858871310949326,0.25241416692733765,-0.5575709342956543,-0.048033732920885086,0.15072938799858093,-0.3459916114807129,-0.10235210508108139,0.17531749606132507,-0.6189519166946411,-0.14873749017715454,0.1757446825504303,-0.7908453941345215,-0.16799600422382355,0.17262132465839386,-0.9247473478317261,-0.17994025349617004,0.08398697525262833,-0.32504698634147644,-0.13064108788967133,0.10159015655517578,-0.6254969239234924,-0.18513430655002594,0.09574101865291595,-0.8226602673530579,-0.2069445103406906,0.08868799358606339,-0.971131443977356,-0.2214454859495163,0.00902050081640482,-0.2966032922267914,-0.15128454566001892,0.01439963560551405,-0.5748280882835388,-0.19662556052207947,0.016072742640972137,-0.7646816968917847,-0.2138233184814453,0.02194582298398018,-0.9135825037956238,-0.2250644415616989,-0.06940779834985733,-0.2641991078853607,-0.16667580604553223,-0.07413852214813232,-0.47408396005630493,-0.21010562777519226,-0.0710223838686943,-0.6091424822807312,-0.2260313332080841,-0.062439825385808945,-0.7300185561180115,-0.23504827916622162
open_palm,0.0,0.0,0.0,0.09295272082090378,-0.12527967989444733,0.004344880115240812,0.14871278405189514,-0.31376075744628906,-0.015417755581438541,0.18950901925563812,-0.47096356749534607,-0.034567419439554214,0.24747493863105774,-0.5568246245384216,-0.061423275619745255,0.13799028098583221,-0.348559707403183,-0.10263260453939438,0.161899596452713,-0.6112293004989624,-0.14932893216609955,0.16492398083209991,-0.7812523245811462,-0.1714588701725006,0.16459207236766815,-0.9193050861358643,-0.18651817739009857,0.07165468484163284,-0.3373619616031647,-0.12916718423366547,0.0862724557518959,-0.6213815808296204,-0.18159180879592896,0.08586443215608597,-0.8166836500167847,-0.20720209181308746,0.08362529426813126,-0.9704195857048035,-0.22647882997989655,-0.002740242285653949,-0.31072619557380676,-0.14830493927001953,0.0016909214900806546,-0.5745793581008911,-0.19319376349449158,0.007322957273572683,-0.7586457133293152,-0.2136618047952652,0.01439602766185999,-0.9031037092208862,-0.22863984107971191,-0.08045944571495056,-0.27687036991119385,-0.1629953533411026,-0.08519812673330307,-0.4780719578266144,-0.20844070613384247,-0.08149264007806778,-0.6100124716758728,-0.22785478830337524,-0.07483846694231033,-0.7289764881134033,-0.2401227355003357
open_palm,0.0,0.0,0.0,0.09493456035852432,-0.11192113906145096,0.0005637996946461499,0.15968583524227142,-0.2727229595184326,-0.021277107298374176,0.2124316543340683,-0.4131385087966919,-0.03933548554778099,0.26803189516067505,-0.5024929642677307,-0.06340542435646057,0.1282893568277359,-0.3280339241027832,-0.11609502881765366,0.15343600511550903,-0.5843343734741211,-0.1620510369539261,0.15652161836624146,-0.747539758682251,-0.17875568568706512,0.15670478343963623,-0.8804745078086853,-0.18817953765392303,0.05723106488585472,-0.31954941153526306,-0.13693644106388092,0.07361408323049545,-0.61594557762146,-0.1951143592596054,0.07383998483419418,-0.8170716166496277,-0.2181699275970459,0.07383734732866287,-0.9696723222732544,-0.2329886555671692,-0.015749743208289146,-0.3012954294681549,-0.14960382878780365,-0.008451536297798157,-0.5618097186088562,-0.19665072858333588,0.000643822830170393,-0.7435397505760193,-0.21524585783481598,0.011932745575904846,-0.8820090293884277,-0.2257092148065567,-0.08592361956834793,-0.2731742560863495,-0.1576811820268631,-0.08996933698654175,-0.48486223816871643,-0.19875580072402954,-0.0888296589255333,-0.6118060946464539,-0.21406957507133484,-0.0859755277633667,-0.7253243327140808,-0.22216473519802094
open_palm,0.0,0.0,0.0,0.0968928188085556,-0.11131823062896729,-0.0076805599965155125,0.16341811418533325,-0.27372676134109497,-0.03363241255283356,0.21698376536369324,-0.41449853777885437,-0.05445662513375282,0.27177518606185913,-0.503652036190033,-0.08110003918409348,0.12070302665233612,-0.3276008665561676,-0.12589387595653534,0.14492887258529663,-0.589034378528595,-0.17190039157867432,0.14717352390289307,-0.7528383731842041,-0.18763872981071472,0.14702178537845612,-0.8860964775085449,-0.19659654796123505,0.04611840471625328,-0.32559967041015625,-0.14236681163311005,0.064302459359169,-0.6226380467414856,-0.20113281905651093,0.0656687319278717,-0.8196866512298584,-0.2254585474729538,0.06629156321287155,-0.9682780504226685,-0.24092118442058563,-0.02822016552090645,-0.31039324402809143,-0.15053461492061615,-0.020740579813718796,-0.5790740847587585,-0.19811010360717773,-0.013452321290969849,-0.7561212182044983,-0.21875682473182678,-0.005229754373431206,-0.8873569369316101,-0.23058678209781647,-0.09646090865135193,-0.2814881503582001,-0.15460926294326782,-0.0980493500828743,-0.49610796570777893,-0.19574016332626343,-0.09697147458791733,-0.6222246289253235,-0.21280847489833832,-0.09680540859699249,-0.731421709060669,-0.22216680645942688
open_palm,0.0,0.0,0.0,0.09820712357759476,-0.1086035817861557,-0.029693635180592537,0.16901223361492157,-0.26099568605422974,-0.0658888965845108,0.22709695994853973,-0.39757654070854187,-0.09536074101924896,0.2862761318683624,-0.48427459597587585,-0.1294359713792801,0.10421924293041229,-0.339917927980423,-0.13013851642608643,0.12716634571552277,-0.5872875452041626,-0.18150435388088226,0.13465863466262817,-0.742085337638855,-0.20539653301239014,0.13874292373657227,-0.873626708984375,-0.2200695276260376,0.026904946193099022,-0.34253814816474915,-0.13841482996940613,0.041549816727638245,-0.626146137714386,-0.19353227317333221,0.04776287451386452,-0.8172861933708191,-0.22096428275108337,0.051723770797252655,-0.9693020582199097,-0.24037118256092072,-0.04338471591472626,-0.3270062208175659,-0.14207617938518524,-0.03611886128783226,-0.5773183107376099,-0.1884894222021103,-0.0266653411090374,-0.7516395449638367,-0.21492497622966766,-0.01825583539903164,-0.8854266405105591,-0.23205704987049103,-0.10124300420284271,-0.29668721556663513,-0.14458492398262024,-0.1023913323879242,-0.4992310702800751,-0.18573512136936188,-0.10181538015604019,-0.6236414909362793,-0.2071344256401062,-0.10293758660554886,-0.7304060459136963,-0.22056268155574799
open_palm,0.0,0.0,0.0,0.09795055538415909,-0.10571800172328949,-0.04599862918257713,0.16613146662712097,-0.24801792204380035,-0.09216396510601044,0.22685876488685608,-0.3830905556678772,-0.12828992307186127,0.2897149920463562,-0.4724167585372925,-0.1679343581199646,0.08501287549734116,-0.33417218923568726,-0.14792370796203613,0.10412883013486862,-0.5878792405128479,-0.20388367772102356,0.11029301583766937,-0.7453948855400085,-0.2305895984172821,0.11273948848247528,-0.877814531326294,-0.24624495208263397,0.005875913891941309,-0.3375837206840515,-0.14732511341571808,0.016826294362545013,-0.6241670250892639,-0.20398561656475067,0.022880446165800095,-0.8137493133544922,-0.23113031685352325,0.026349151507019997,-0.9680018424987793,-0.24955594539642334,-0.06216870993375778,-0.32725101709365845,-0.1431315541267395,-0.05767657980322838,-0.580973207950592,-0.18987637758255005,-0.050915319472551346,-0.7558962106704712,-0.21746398508548737,-0.04569048061966896,-0.8959013819694519,-0.2351858913898468,-0.11246147751808167,-0.3057727813720703,-0.13911256194114685,-0.11489655077457428,-0.5090242028236389,-0.17975977063179016,-0.11706525087356567,-0.6332170963287354,-0.20188559591770172,-0.120977021753788,-0.7401781678199768,-0.21566294133663177
open_palm,0.0,0.0,0.0,0.09597039967775345,-0.10153815150260925,-0.051638200879096985,0.16230759024620056,-0.23667827248573303,-0.10099624842405319,0.22440877556800842,-0.3727319836616516,-0.13805796205997467,0.2850675582885742,-0.4656141698360443,-0.17750829458236694,0.07431317865848541,-0.32569941878318787,-0.16319221258163452,0.09492851048707962,-0.5818765759468079,-0.2219756543636322,0.10115160793066025,-0.7446202039718628,-0.2491590678691864,0.1015634834766388,-0.8799996972084045,-0.26500776410102844,-0.005427692085504532,-0.33385005593299866,-0.15884248912334442,0.007768318988382816,-0.6222947835922241,-0.21803021430969238,0.012897604145109653,-0.8127591013908386,-0.2443348914384842,0.012821979820728302,-0.9649112820625305,-0.2622629404067993,-0.07205768674612045,-0.32863181829452515,-0.15060381591320038,-0.06910357624292374,-0.5763484835624695,-0.19927918910980225,-0.0630926713347435,-0.7435640096664429,-0.22669538855552673,-0.0615050382912159,-0.8768027424812317,-0.24414879083633423,-0.11868041008710861,-0.3139212727546692,-0.14285628497600555,-0.13877761363983154,-0.5075026750564575,-0.1864416003227234,-0.15910175442695618,-0.6242234706878662,-0.21046476066112518,-0.18201719224452972,-0.7265824675559998,-0.22507315874099731
open_palm,0.0,0.0,0.0,0.09712274372577667,-0.1070171445608139,-0.05230376124382019,0.16590368747711182,-0.24450638890266418,-0.10009904205799103,0.23012717068195343,-0.3742959201335907,-0.13623037934303284,0.2917270064353943,-0.46400031447410583,-0.1742839366197586,0.07381118088960648,-0.34032145142555237,-0.1548244208097458,0.09944015741348267,-0.5957471132278442,-0.21196627616882324,0.10707300901412964,-0.7592825889587402,-0.2398056834936142,0.10885071009397507,-0.8957056403160095,-0.25682422518730164,-0.005228904541581869,-0.34772709012031555,-0.14982250332832336,0.010492864064872265,-0.6274557709693909,-0.20721355080604553,0.01714218594133854,-0.8149343132972717,-0.2349194437265396,0.018612030893564224,-0.9669012427330017,-0.25447118282318115,-0.07103690505027771,-0.3400757610797882,-0.14166727662086487,-0.07009901851415634,-0.5825939178466797,-0.18982788920402527,-0.06518801301717758,-0.7467846274375916,-0.21892808377742767,-0.06350152939558029,-0.8800649046897888,-0.23790855705738068,-0.1163918599486351,-0.3253616988658905,-0.13439959287643433,-0.14161057770252228,-0.5111320614814758,-0.1788634955883026,-0.16694240272045135,-0.6204288005828857,-0.20469219982624054,-0.19369429349899292,-0.7176644802093506,-0.22067850828170776
open_palm,0.0,0.0,0.0,0.09533265978097916,-0.102135568857193,-0.05742502585053444,0.1662904918193817,-0.23487447202205658,-0.10671308636665344,0.23326802253723145,-0.36003363132476807,-0.14415152370929718,0.2958904504776001,-0.4448142647743225,-0.182987242937088,0.06685400754213333,-0.33793073892593384,-0.15131467580795288,0.08917545527219772,-0.5874610543251038,-0.20839296281337738,0.09629321843385696,-0.7480362057685852,-0.23743799328804016,0.09770621359348297,-0.8828774094581604,-0.2551093101501465,-0.011222307570278645,-0.34895455837249756,-0.1440390795469284,-0.0005359013448469341,-0.6241796612739563,-0.20204702019691467,0.0038474786560982466,-0.812190592288971,-0.23160140216350555,0.0033584455959498882,-0.9677126407623291,-0.2520337700843811,-0.07391861081123352,-0.34413784742355347,-0.1343504935503006,-0.07570364326238632,-0.5782168507575989,-0.18232788145542145,-0.07312386482954025,-0.740119457244873,-0.21175521612167358,-0.07434766739606857,-0.8735498189926147,-0.23028141260147095,-0.11520117521286011,-0.332327663898468,-0.12639683485031128,-0.1393054872751236,-0.5155134797096252,-0.16911913454532623,-0.16293993592262268,-0.6260196566581726,-0.19391441345214844,-0.18956652283668518,-0.7234153151512146,-0.20903663337230682
open_palm,0.0,0.0,0.0,0.03824199363589287,-0.19410134851932526,0.03631969913840294,0.041027311235666275,-0.3827711343765259,0.030867207795381546,0.028703931719064713,-0.5334168076515198,0.02029789611697197,0.005881457589566708,-0.6427690386772156,0.002371033886447549,0.08047232031822205,-0.4495936632156372,-0.06876262277364731,0.06112383306026459,-0.7131560444831848,-0.114845409989357,0.030489686876535416,-0.8627234697341919,-0.13901196420192719,0.0015968000516295433,-0.9767423272132874,-0.1541270911693573,0.045465968549251556,-0.38516610860824585,-0.10989222675561905,0.013095705769956112,-0.6762540936470032,-0.15763680636882782,-0.017640607431530952,-0.8472198843955994,-0.1819044053554535,-0.040814634412527084,-0.9788797497749329,-0.2003212720155716,-0.008936620317399502,-0.3087064027786255,-0.14316408336162567,-0.04392922669649124,-0.5797976851463318,-0.18717004358768463,-0.06377190351486206,-0.7503747344017029,-0.2122475653886795,-0.06963397562503815,-0.8913109302520752,-0.23080550134181976,-0.07364953309297562,-0.2310272455215454,-0.16887016594409943,-0.11656802892684937,-0.40752193331718445,-0.21642455458641052,-0.1358727067708969,-0.5238434672355652,-0.2385663241147995,-0.1432601660490036,-0.6355247497558594,-0.2528073787689209
open_palm,0.0,0.0,0.0,-0.12302588671445847,-0.01165840495377779,-0.042451996356248856,-0.23866267502307892,-0.0972033366560936,-0.07176526635885239,-0.328581839799881,-0.16384722292423248,-0.09918715059757233,-0.40902191400527954,-0.1952572911977768,-0.128670796751976,-0.22057515382766724,-0.40531712770462036,-0.05615948513150215,-0.29687073826789856,-0.5685304999351501,-0.10139588266611099,-0.34844592213630676,-0.6673932671546936,-0.1367681622505188,-0.39327356219291687,-0.7606963515281677,-0.16406835615634918,-0.15226256847381592,-0.4637855887413025,-0.07166484743356705,-0.21854867041110992,-0.670711100101471,-0.11536857485771179,-0.2629421651363373,-0.8091880679130554,-0.15175724029541016,-0.303901344537735,-0.9357680678367615,-0.17883548140525818,-0.0762770026922226,-0.4691963493824005,-0.09296783059835434,-0.11469025164842606,-0.6794960498809814,-0.14409418404102325,-0.1441630870103836,-0.8230416774749756,-0.17924855649471283,-0.1769353300333023,-0.9576698541641235,-0.20297680795192719,0.004136434756219387,-0.43551212549209595,-0.11678145080804825,0.012353361584246159,-0.6176300644874573,-0.16579315066337585,0.014808250591158867,-0.7463212013244629,-0.19025595486164093,0.010151243768632412,-0.8713250160217285,-0.2064744085073471
open_palm,0.0,0.0,0.0,-0.11454349011182785,-0.0038820214103907347,-0.040389396250247955,-0.22325100004673004,-0.013806624338030815,-0.06900539249181747,-0.30656886100769043,0.009821939282119274,-0.09770078212022781,-0.3741653561592102,0.06437643617391586,-0.13153336942195892,-0.21617983281612396,-0.28922656178474426,-0.06188089773058891,-0.3151681423187256,-0.41964513063430786,-0.10320925712585449,-0.3743152618408203,-0.5187909603118896,-0.1340324580669403,-0.42133405804634094,-0.6142544150352478,-0.1580439954996109,-0.142192080616951,-0.37743887305259705,-0.0796029344201088,-0.19765649735927582,-0.5899379253387451,-0.11591172963380814,-0.23075510561466217,-0.7486041784286499,-0.14970262348651886,-0.2551220655441284,-0.8945097923278809,-0.17638418078422546,-0.06118348240852356,-0.39822936058044434,-0.10234951972961426,-0.061694324016571045,-0.6285240054130554,-0.15470711886882782,-0.0635441467165947,-0.8062217235565186,-0.19927270710468292,-0.06647669523954391,-0.9709346890449524,-0.22992770373821259,0.02203948050737381,-0.3605038821697235,-0.12654879689216614,0.08258837461471558,-0.5134208798408508,-0.18197184801101685,0.11869381368160248,-0.6308066248893738,-0.21054597198963165,0.14433997869491577,-0.7438240051269531,-0.22937506437301636
open_palm,0.0,0.0,0.0,-0.11347705870866776,-0.01063468586653471,-0.04085696488618851,-0.2225048840045929,-0.03697962686419487,-0.0698125958442688,-0.30469653010368347,-0.03381523862481117,-0.09832156449556351,-0.3713091313838959,0.0037110773846507072,-0.13163089752197266,-0.2127000391483307,-0.3138165771961212,-0.0639331117272377,-0.30778956413269043,-0.4567409157752991,-0.10685281455516815,-0.36358970403671265,-0.5602718591690063,-0.13834963738918304,-0.4074627459049225,-0.6587896347045898,-0.16228558123111725,-0.13803985714912415,-0.3955608308315277,-0.08079782873392105,-0.1899314671754837,-0.6119366884231567,-0.11839403212070465,-0.2208406776189804,-0.7720751762390137,-0.1519911289215088,-0.2442171573638916,-0.9179931282997131,-0.17819662392139435,-0.056841034442186356,-0.41137850284576416,-0.10268736630678177,-0.056819722056388855,-0.6374781727790833,-0.1528436541557312,-0.059346653521060944,-0.8120734691619873,-0.19441762566566467,-0.06482803076505661,-0.9726498126983643,-0.22304648160934448,0.027075987309217453,-0.3727431297302246,-0.12637190520763397,0.08120422065258026,-0.5335628986358643,-0.17728014290332794,0.11069585382938385,-0.6545742154121399,-0.2034216821193695,0.129886656999588,-0.7693954706192017,-0.22092144191265106
open_palm,0.0,0.0,0.0,-0.11572063714265823,-0.013266042806208134,-0.041464101523160934,-0.2254001647233963,-0.0507219098508358,-0.0697353407740593,-0.30976882576942444,-0.06352508813142776,-0.09686412662267685,-0.37897205352783203,-0.0420982651412487,-0.12842828035354614,-0.2124326229095459,-0.3365708887577057,-0.06243561580777168,-0.30310603976249695,-0.48337221145629883,-0.10439417511224747,-0.3558564782142639,-0.5875740647315979,-0.13563212752342224,-0.3972436487674713,-0.688310444355011,-0.15983693301677704,-0.13722632825374603,-0.41555550694465637,-0.07799120247364044,-0.1909509152173996,-0.6277643442153931,-0.11532313376665115,-0.224054217338562,-0.7797079086303711,-0.1498219221830368,-0.2502445578575134,-0.9190976023674011,-0.17714451253414154,-0.056178051978349686,-0.4291633665561676,-0.09857956320047379,-0.05826328322291374,-0.6494696736335754,-0.14815299212932587,-0.06223047152161598,-0.8187845349311829,-0.18956804275512695,-0.06929044425487518,-0.9733929634094238,-0.21841466426849365,0.026120612397789955,-0.3882587254047394,-0.12095629423856735,0.0727616399526596,-0.5488986968994141,-0.1711704134941101,0.0977008044719696,-0.6690426468849182,-0.19796843826770782,0.11306364834308624,-0.7840691208839417,-0.21623490750789642
open_palm,0.0,0.0,0.0,-0.11300373822450638,-0.01560854073613882,-0.045196741819381714,-0.22141745686531067,-0.05895647034049034,-0.07668326795101166,-0.30717387795448303,-0.08338794857263565,-0.10583898425102234,-0.3782047629356384,-0.0729149580001831,-0.13825009763240814,-0.20997270941734314,-0.3418348431587219,-0.06938999146223068,-0.2975277006626129,-0.4973219931125641,-0.11409616470336914,-0.34884217381477356,-0.6037592887878418,-0.14623314142227173,-0.38854503631591797,-0.7063656449317932,-0.17070138454437256,-0.13700918853282928,-0.41920387744903564,-0.08277087658643723,-0.1935797482728958,-0.6281886696815491,-0.12260117381811142,-0.2271002233028412,-0.7796667814254761,-0.15618954598903656,-0.25311243534088135,-0.9216774702072144,-0.18255476653575897,-0.057265449315309525,-0.4335499107837677,-0.10134626179933548,-0.06289210915565491,-0.6498697996139526,-0.1515485942363739,-0.06776782870292664,-0.8185415863990784,-0.19043417274951935,-0.07508303970098495,-0.9731902480125427,-0.21740135550498962,0.02541583776473999,-0.396261066198349,-0.12215816974639893,0.06723133474588394,-0.5581944584846497,-0.1718287616968155,0.08845014870166779,-0.6809654235839844,-0.19765855371952057,0.1009541004896164,-0.7994867563247681,-0.21517890691757202
open_palm,0.0,0.0,0.0,-0.11286810040473938,-0.016556069254875183,-0.047655340284109116,-0.2189338207244873,-0.07090342789888382,-0.08024035394191742,-0.3055942952632904,-0.10963868349790573,-0.1100221797823906,-0.3785483241081238,-0.10940518975257874,-0.1423652619123459,-0.20314033329486847,-0.3573608696460724,-0.06775655597448349,-0.2836211323738098,-0.518610954284668,-0.1119018942117691,-0.33303797245025635,-0.6273839473724365,-0.1438630372285843,-0.3710375428199768,-0.7339010238647461,-0.1685408651828766,-0.1320953369140625,-0.4298730790615082,-0.07949694246053696,-0.18658575415611267,-0.6354847550392151,-0.12057685852050781,-0.2209390103816986,-0.7809073328971863,-0.15463489294052124,-0.24956683814525604,-0.9216804504394531,-0.1815006583929062,-0.05519796535372734,-0.4405888020992279,-0.09681098908185959,-0.05919723957777023,-0.6593421697616577,-0.14853177964687347,-0.06388262659311295,-0.8224129676818848,-0.18677808344364166,-0.07321494072675705,-0.9743449091911316,-0.21281804144382477,0.022665781900286674,-0.40230846405029297,-0.11653345823287964,0.05840783193707466,-0.5763746500015259,-0.16697901487350464,0.07797685265541077,-0.7025054097175598,-0.19310753047466278,0.08849785476922989,-0.8264613747596741,-0.21073877811431885
open_palm,0.0,0.0,0.0,-0.11479499936103821,-0.014326040633022785,-0.054373666644096375,-0.21847599744796753,-0.07355751842260361,-0.0919470340013504,-0.30562904477119446,-0.12050803005695343,-0.1252732127904892,-0.3803570866584778,-0.1306055635213852,-0.16086743772029877,-0.20022842288017273,-0.36253610253334045,-0.07956871390342712,-0.2790190279483795,-0.5283132791519165,-0.1293349266052246,-0.3250310719013214,-0.6381661295890808,-0.1648176610469818,-0.36064109206199646,-0.7496700286865234,-0.19168034195899963,-0.12766778469085693,-0.4337840676307678,-0.08974408358335495,-0.18354642391204834,-0.6370949149131775,-0.13783451914787292,-0.21910031139850616,-0.7812529802322388,-0.1758612096309662,-0.2500534653663635,-0.9248162508010864,-0.20489917695522308,-0.0494464635848999,-0.442272424697876,-0.10559840500354767,-0.04956988990306854,-0.6570418477058411,-0.16245931386947632,-0.0541488379240036,-0.8196399211883545,-0.20191746950149536,-0.06467004120349884,-0.9715164303779602,-0.22797733545303345,0.027903228998184204,-0.40322595834732056,-0.12427064031362534,0.059633612632751465,-0.5764759182929993,-0.17685887217521667,0.07368127256631851,-0.7032150626182556,-0.20330950617790222,0.07835571467876434,-0.830191433429718,-0.2211110144853592
open_palm,0.0,0.0,0.0,-0.11448416858911514,-0.012882919050753117,-0.05590527877211571,-0.21645627915859222,-0.07521282136440277,-0.09467532485723495,-0.30436861515045166,-0.1319233477115631,-0.12861177325248718,-0.38307249546051025,-0.1537434458732605,-0.16475099325180054,-0.19659572839736938,-0.3653208315372467,-0.0825381726026535,-0.27261117100715637,-0.536396324634552,-0.1333928257226944,-0.31792783737182617,-0.6488661170005798,-0.16982769966125488,-0.35319584608078003,-0.7635754942893982,-0.19745872914791107,-0.12609001994132996,-0.43174126744270325,-0.09153637290000916,-0.182877317070961,-0.6306661367416382,-0.1419745534658432,-0.22075805068016052,-0.7691603899002075,-0.1814664900302887,-0.25541284680366516,-0.9099727272987366,-0.2112894207239151,-0.04947966709733009,-0.43755918741226196,-0.10597208887338638,-0.048844821751117706,-0.6579645872116089,-0.1651359349489212,-0.0538901686668396,-0.8195701241493225,-0.20500046014785767,-0.06644545495510101,-0.970702052116394,-0.23091675341129303,0.026570234447717667,-0.398462176322937,-0.12299654632806778,0.05591680854558945,-0.5781984329223633,-0.17739245295524597,0.06801766902208328,-0.7067923545837402,-0.20446039736270905,0.0697188526391983,-0.8363109827041626,-0.2224053144454956
open_palm,0.0,0.0,0.0,-0.11351118981838226,-0.007443616632372141,-0.06087470427155495,-0.21520031988620758,-0.06827626377344131,-0.10655517131090164,-0.3031524419784546,-0.1264548897743225,-0.14617681503295898,-0.3836125135421753,-0.15578371286392212,-0.1885746419429779,-0.1994447559118271,-0.35541078448295593,-0.10317693650722504,-0.2696846127510071,-0.5393661856651306,-0.15959785878658295,-0.3100184202194214,-0.6531753540039062,-0.1989227533340454,-0.34413841366767883,-0.7710215449333191,-0.22830623388290405,-0.13362781703472137,-0.4205271899700165,-0.11058463901281357,-0.1973547637462616,-0.630515992641449,-0.1697007268667221,-0.2354992777109146,-0.7790492177009583,-0.21398283541202545,-0.2702656090259552,-0.9306188821792603,-0.24678941071033478,-0.05825824663043022,-0.42329445481300354,-0.12182825803756714,-0.06009255349636078,-0.6442878246307373,-0.18398985266685486,-0.0670946016907692,-0.8053101301193237,-0.22357970476150513,-0.07935848087072372,-0.9531428813934326,-0.24899889528751373,0.016768451780080795,-0.3883306384086609,-0.135712131857872,0.026357991620898247,-0.5703620314598083,-0.18909816443920135,0.02301626279950142,-0.6981900930404663,-0.21456624567508698,0.014391382224857807,-0.8285608887672424,-0.23190803825855255
open_palm,0.0,0.0,0.0,-0.11628410965204239,-0.004875621292740107,-0.06419266760349274,-0.21786616742610931,-0.06829292327165604,-0.11247707903385162,-0.30615663528442383,-0.1273081749677658,-0.15433937311172485,-0.38900044560432434,-0.162088543176651,-0.19903786480426788,-0.19995291531085968,-0.3535539209842682,-0.1092483177781105,-0.2658972442150116,-0.5486088991165161,-0.16925038397312164,-0.3025769889354706,-0.6718847751617432,-0.21107272803783417,-0.3330463171005249,-0.7977694869041443,-0.24207164347171783,-0.13435640931129456,-0.41789811849594116,-0.1164201870560646,-0.19977760314941406,-0.6295198202133179,-0.17993243038654327,-0.2402387112379074,-0.7756313681602478,-0.22624509036540985,-0.27879732847213745,-0.9244917035102844,-0.25997549295425415,-0.05962178111076355,-0.4230595827102661,-0.12763069570064545,-0.06763443350791931,-0.6513926982879639,-0.1931184083223343,-0.0818171426653862,-0.8119750618934631,-0.23397956788539886,-0.10170507431030273,-0.9576106667518616,-0.2600220739841461,0.01592503860592842,-0.39104655385017395,-0.14165642857551575,0.016495073214173317,-0.5742554664611816,-0.19811376929283142,0.005333717912435532,-0.7003502249717712,-0.22538840770721436,-0.011710177175700665,-0.8254043459892273,-0.24371284246444702
open_palm,0.0,0.0,0.0,-0.1178756058216095,-0.0034429486840963364,-0.0586618110537529,-0.2211056649684906,-0.08182741701602936,-0.09925812482833862,-0.30014485120773315,-0.1680421531200409,-0.13480785489082336,-0.3753511309623718,-0.2415757179260254,-0.17218294739723206,-0.20293302834033966,-0.3703542649745941,-0.08802487701177597,-0.2674742639064789,-0.5674185156822205,-0.1445533037185669,-0.3013949990272522,-0.6925712823867798,-0.18563008308410645,-0.3287551999092102,-0.8182536959648132,-0.2155403345823288,-0.13720355927944183,-0.4283297657966614,-0.09657216817140579,-0.2052723467350006,-0.6409929990768433,-0.1534293293952942,-0.24583551287651062,-0.7877085208892822,-0.19636310636997223,-0.28406473994255066,-0.9314119815826416,-0.22754980623722076,-0.06442633271217346,-0.4338551461696625,-0.11058172583580017,-0.09048229455947876,-0.6547673940658569,-0.16926029324531555,-0.11342253535985947,-0.8084719777107239,-0.20585522055625916,-0.14035028219223022,-0.9502284526824951,-0.22940824925899506,0.0126543790102005,-0.4044329524040222,-0.12798738479614258,-0.0026410336140543222,-0.5848993062973022,-0.180965393781662,-0.02287840098142624,-0.7065561413764954,-0.2066435068845749,-0.04961321875452995,-0.8227702975273132,-0.2233877331018448
open_palm,0.0,0.0,0.0,-0.12134864926338196,-0.0038359491154551506,-0.056813132017850876,-0.22200749814510345,-0.0916609913110733,-0.09486976265907288,-0.29048454761505127,-0.18569214642047882,-0.12835398316383362,-0.3605412542819977,-0.265773743391037,-0.1639290750026703,-0.20390763878822327,-0.37194153666496277,-0.08442062139511108,-0.2636062502861023,-0.5730762481689453,-0.14143475890159607,-0.29521939158439636,-0.701209545135498,-0.1828271746635437,-0.31917446851730347,-0.8256242871284485,-0.2123745083808899,-0.13556139171123505,-0.4258650541305542,-0.0945684090256691,-0.1990625411272049,-0.6459122896194458,-0.15001621842384338,-0.23715977370738983,-0.7945159673690796,-0.19302073121070862,-0.272065132856369,-0.9358199238777161,-0.2241017073392868,-0.06243103742599487,-0.43179821968078613,-0.11051733791828156,-0.09913123399019241,-0.6499652862548828,-0.1676504909992218,-0.12543818354606628,-0.7971320748329163,-0.20413652062416077,-0.15390607714653015,-0.934489905834198,-0.22787562012672424,0.01587175764143467,-0.4047401547431946,-0.1300608068704605,-0.007967077195644379,-0.580085039138794,-0.18247942626476288,-0.029795443639159203,-0.6982936859130859,-0.20811378955841064,-0.056260447949171066,-0.8116807341575623,-0.22476354241371155
open_palm,0.0,0.0,0.0,-0.11990275979042053,-0.01343156024813652,-0.05011104792356491,-0.21579298377037048,-0.11582690477371216,-0.08289182186126709,-0.26591581106185913,-0.2341252863407135,-0.11201048642396927,-0.3171071708202362,-0.34367525577545166,-0.1426813006401062,-0.20532011985778809,-0.3706285357475281,-0.07304439693689346,-0.25940853357315063,-0.5699735283851624,-0.12786683440208435,-0.28541719913482666,-0.6986998915672302,-0.16860431432724,-0.3044663965702057,-0.8244029879570007,-0.19697950780391693,-0.1386513113975525,-0.4213850498199463,-0.08406493067741394,-0.19689418375492096,-0.6451370120048523,-0.1352861225605011,-0.23033015429973602,-0.7990290522575378,-0.17655886709690094,-0.2609546482563019,-0.9430274963378906,-0.2064022421836853,-0.0678168311715126,-0.42638951539993286,-0.10052607208490372,-0.11191825568675995,-0.6344653964042664,-0.15182682871818542,-0.14237317442893982,-0.7717809081077576,-0.18530847132205963,-0.17335759103298187,-0.8960167765617371,-0.20734061300754547,0.009802350774407387,-0.39953410625457764,-0.12055975943803787,-0.020340578630566597,-0.5682569742202759,-0.16741535067558289,-0.04570351541042328,-0.6797598600387573,-0.19006256759166718,-0.07366717606782913,-0.7818602919578552,-0.20461992919445038
open_palm,0.0,0.0,0.0,-0.11792649328708649,-0.023990973830223083,-0.05523950979113579,-0.2101985067129135,-0.12766706943511963,-0.0913461446762085,-0.25149276852607727,-0.26150190830230713,-0.12294606864452362,-0.2763633728027344,-0.4050527513027191,-0.1546049863100052,-0.1979156732559204,-0.37884199619293213,-0.06857197731733322,-0.2521650195121765,-0.5754492878913879,-0.12237858027219772,-0.27969837188720703,-0.7028220891952515,-0.163164883852005,-0.2987961173057556,-0.8275431394577026,-0.19148236513137817,-0.13385902345180511,-0.42717692255973816,-0.07585165649652481,-0.1909506618976593,-0.6522001028060913,-0.12320832908153534,-0.22391149401664734,-0.8050117492675781,-0.16148217022418976,-0.2536352276802063,-0.9486021995544434,-0.18926964700222015,-0.06539715826511383,-0.43198564648628235,-0.08986204117536545,-0.11039087921380997,-0.6403802037239075,-0.13674144446849823,-0.14076825976371765,-0.7764592170715332,-0.16698123514652252,-0.1711989939212799,-0.9025134444236755,-0.18728061020374298,0.009507277049124241,-0.4065921902656555,-0.10840791463851929,-0.021484924480319023,-0.5707592368125916,-0.15049996972084045,-0.047076515853405,-0.6783508062362671,-0.17038919031620026,-0.07586174458265305,-0.778548002243042,-0.18343544006347656
open_palm,0.0,0.0,0.0,-0.1220913678407669,-0.02617809735238552,-0.053721506148576736,-0.21739135682582855,-0.12981487810611725,-0.08879660815000534,-0.260066956281662,-0.2682974934577942,-0.11993765830993652,-0.28021085262298584,-0.41304442286491394,-0.15082378685474396,-0.20457758009433746,-0.38713252544403076,-0.06288560479879379,-0.2599917948246002,-0.5877546668052673,-0.11499712616205215,-0.28868651390075684,-0.7155841588973999,-0.15505097806453705,-0.3099396228790283,-0.8401187062263489,-0.18322807550430298,-0.13990673422813416,-0.43591535091400146,-0.07071994990110397,-0.19816897809505463,-0.6600801348686218,-0.11689326912164688,-0.232960507273674,-0.8081782460212708,-0.15437600016593933,-0.26488444209098816,-0.9470463395118713,-0.18149244785308838,-0.06997646391391754,-0.442354679107666,-0.08536937087774277,-0.1158096194267273,-0.6519168019294739,-0.13097353279590607,-0.1461860090494156,-0.7893353700637817,-0.1592755764722824,-0.1771475225687027,-0.9157971143722534,-0.17816676199436188,0.006667674519121647,-0.41873687505722046,-0.10467690974473953,-0.024566233158111572,-0.5860709547996521,-0.14543159306049347,-0.05039128661155701,-0.6946736574172974,-0.16343089938163757,-0.07975473999977112,-0.7953115105628967,-0.17486345767974854
open_palm,0.0,0.0,0.0,-0.12347476184368134,-0.026973633095622063,-0.051294513046741486,-0.21992631256580353,-0.13342298567295074,-0.0853179469704628,-0.2611275017261505,-0.2742000222206116,-0.11570678651332855,-0.27990999817848206,-0.42389947175979614,-0.14605030417442322,-0.20783686637878418,-0.390572726726532,-0.05997548624873161,-0.26119381189346313,-0.5905706286430359,-0.11150576174259186,-0.2867125868797302,-0.7204496264457703,-0.15145428478717804,-0.3032563328742981,-0.8445499539375305,-0.1792675107717514,-0.14413563907146454,-0.43802857398986816,-0.06841272860765457,-0.2006194293498993,-0.6639328598976135,-0.11362988501787186,-0.23202461004257202,-0.8123335838317871,-0.15054088830947876,-0.2591105103492737,-0.9494673013687134,-0.17712536454200745,-0.07503151893615723,-0.443396657705307,-0.08354555815458298,-0.12091023474931717,-0.6544803380966187,-0.1279134303331375,-0.15085309743881226,-0.7924832701683044,-0.15586146712303162,-0.17935563623905182,-0.9186843633651733,-0.17475154995918274,0.001602247590199113,-0.4178447425365448,-0.10317070037126541,-0.02877471037209034,-0.585145890712738,-0.14302271604537964,-0.05450185760855675,-0.6938300132751465,-0.16092562675476074,-0.08333346247673035,-0.793790876865387,-0.17238061130046844
open_palm,0.0,0.0,0.0,-0.12055376917123795,-0.023226764053106308,-0.05067925155162811,-0.2173054814338684,-0.1279415339231491,-0.08479475975036621,-0.25912049412727356,-0.2643515467643738,-0.11533937603235245,-0.2777916491031647,-0.4098372459411621,-0.1462010145187378,-0.2057601362466812,-0.3809589743614197,-0.06278695166110992,-0.26017460227012634,-0.5767574310302734,-0.11551230400800705,-0.28516721725463867,-0.7053141593933105,-0.1558333933353424,-0.3007436692714691,-0.8299747705459595,-0.18392761051654816,-0.1432446539402008,-0.4291509985923767,-0.07202088832855225,-0.2007828950881958,-0.6537833213806152,-0.11860109865665436,-0.2312086820602417,-0.8051782250404358,-0.15639327466487885,-0.25733840465545654,-0.9486779570579529,-0.1838124543428421,-0.07553382962942123,-0.4344145953655243,-0.0877300426363945,-0.12304282933473587,-0.6427338123321533,-0.13386750221252441,-0.15277257561683655,-0.7786114811897278,-0.16307158768177032,-0.18071050941944122,-0.9045085906982422,-0.18275047838687897,-3.7558631447609514e-05,-0.40905070304870605,-0.10770021378993988,-0.031717270612716675,-0.5748600959777832,-0.14874321222305298,-0.05735647678375244,-0.6827000379562378,-0.16761842370033264,-0.08604764938354492,-0.783234179019928,-0.18008479475975037
open_palm,0.0,0.0,0.0,-0.11461149901151657,-0.02151111140847206,-0.05046597868204117,-0.20776495337486267,-0.12321078777313232,-0.08507213741540909,-0.24856247007846832,-0.25579625368118286,-0.11584453284740448,-0.26457515358924866,-0.39772406220436096,-0.14688171446323395,-0.1964067667722702,-0.36687418818473816,-0.06650377810001373,-0.24896055459976196,-0.5592494606971741,-0.1203182116150856,-0.27355173230171204,-0.6865658760070801,-0.1600828915834427,-0.2888883948326111,-0.8101150989532471,-0.18695984780788422,-0.13535110652446747,-0.4148865044116974,-0.0753236711025238,-0.19207531213760376,-0.6443843245506287,-0.12195397913455963,-0.2227216511964798,-0.8026019930839539,-0.15808281302452087,-0.2492566555738449,-0.950837254524231,-0.1837920844554901,-0.06884186714887619,-0.41979098320007324,-0.09036871045827866,-0.11572548747062683,-0.6262279152870178,-0.13648225367069244,-0.14555534720420837,-0.7583155632019043,-0.16448816657066345,-0.17384174466133118,-0.880380392074585,-0.18258939683437347,0.005431539379060268,-0.39372092485427856,-0.10955620557069778,-0.027054650709033012,-0.5557358860969543,-0.15042021870613098,-0.05283740535378456,-0.6595944166183472,-0.16847532987594604,-0.08137846738100052,-0.7558016777038574,-0.17983993887901306
open_palm,0.0,0.0,0.0,-0.1150614470243454,-0.0032920856028795242,-0.05090314522385597,-0.21974076330661774,-0.07334808260202408,-0.08219411969184875,-0.2988739609718323,-0.1447441130876541,-0.10932868719100952,-0.3681175410747528,-0.19485998153686523,-0.138498455286026,-0.20605631172657013,-0.3496459722518921,-0.07333801686763763,-0.28765204548835754,-0.5005385875701904,-0.12170345336198807,-0.3380299508571625,-0.6050640940666199,-0.1565224975347519,-0.37769731879234314,-0.7058680653572083,-0.18242400884628296,-0.13726511597633362,-0.42122599482536316,-0.08430193364620209,-0.2004779726266861,-0.625893771648407,-0.13087289035320282,-0.24435633420944214,-0.772935152053833,-0.16948741674423218,-0.2843579947948456,-0.9144332408905029,-0.197609081864357,-0.060362301766872406,-0.43254518508911133,-0.10068243741989136,-0.07344852387905121,-0.6452670693397522,-0.15902027487754822,-0.08763496577739716,-0.8115735650062561,-0.20349575579166412,-0.10712141543626785,-0.9666805267333984,-0.23249472677707672,0.01946249045431614,-0.3953801691532135,-0.11905184388160706,0.061588700860738754,-0.564744770526886,-0.17824910581111908,0.08387095481157303,-0.6896495819091797,-0.21021883189678192,0.09532035142183304,-0.8108813762664795,-0.2302887737751007
open_palm,0.0,0.0,0.0,-0.11355677247047424,-0.002119140001013875,-0.050727810710668564,-0.21923349797725677,-0.06934133917093277,-0.08215591311454773,-0.30072668194770813,-0.13914664089679718,-0.10940472781658173,-0.3727434575557709,-0.18196165561676025,-0.13876459002494812,-0.20739172399044037,-0.35233789682388306,-0.07329332828521729,-0.291473388671875,-0.49833863973617554,-0.12122873961925507,-0.34420302510261536,-0.5951655507087708,-0.15592096745967865,-0.38665419816970825,-0.6900261640548706,-0.18200863897800446,-0.13863946497440338,-0.42718538641929626,-0.08401204645633698,-0.1999959498643875,-0.6314529776573181,-0.12828177213668823,-0.24043996632099152,-0.7723256349563599,-0.1652536392211914,-0.2763284742832184,-0.9070790410041809,-0.19310081005096436,-0.06159074604511261,-0.43921229243278503,-0.1002131775021553,-0.07042809575796127,-0.6544133424758911,-0.15606044232845306,-0.08067335933446884,-0.8171596527099609,-0.19881892204284668,-0.09582711011171341,-0.9690488576889038,-0.22751152515411377,0.018522145226597786,-0.40021613240242004,-0.11855927854776382,0.06033272296190262,-0.5681241750717163,-0.1763228476047516,0.08208154141902924,-0.6912992596626282,-0.20764300227165222,0.09341130405664444,-0.8115770220756531,-0.2276722937822342
open_palm,0.0,0.0,0.0,-0.11040658503770828,-0.004017247352749109,-0.05187464877963066,-0.21497106552124023,-0.06815815716981888,-0.082874596118927,-0.29795923829078674,-0.1328277289867401,-0.10950684547424316,-0.37107446789741516,-0.16800475120544434,-0.1375664472579956,-0.2054353803396225,-0.3518393933773041,-0.06682654470205307,-0.2918936610221863,-0.4920159578323364,-0.11183268576860428,-0.34444448351860046,-0.5872795581817627,-0.14518210291862488,-0.38660046458244324,-0.6800358891487122,-0.17032457888126373,-0.13556893169879913,-0.43000826239585876,-0.07611081749200821,-0.19285869598388672,-0.6294621825218201,-0.11685115844011307,-0.23028329014778137,-0.7677753567695618,-0.15232470631599426,-0.26362475752830505,-0.8998972773551941,-0.17913801968097687,-0.05797526240348816,-0.44307491183280945,-0.09141843020915985,-0.058256711810827255,-0.6563630104064941,-0.1446438580751419,-0.06001240387558937,-0.8212156891822815,-0.18510489165782928,-0.0676884800195694,-0.97490394115448,-0.21208620071411133,0.022364705801010132,-0.4020800292491913,-0.1091887429356575,0.06800290942192078,-0.5620884895324707,-0.16270320117473602,0.09236659854650497,-0.6782348155975342,-0.19013425707817078,0.10592418909072876,-0.7901632785797119,-0.2076229453086853
open_palm,0.0,0.0,0.0,-0.11206545680761337,-0.0021955694537609816,-0.052800051867961884,-0.21840064227581024,-0.06420870870351791,-0.08438431471586227,-0.30282559990882874,-0.12680982053279877,-0.11157926917076111,-0.37683847546577454,-0.16115812957286835,-0.14030469954013824,-0.2095445841550827,-0.34725421667099,-0.06754342466592789,-0.2999841272830963,-0.48516786098480225,-0.11258023977279663,-0.3546457290649414,-0.5805672407150269,-0.14574120938777924,-0.3973604440689087,-0.6728101968765259,-0.17080332338809967,-0.1374351531267166,-0.42663896083831787,-0.07702342420816422,-0.1950680911540985,-0.6265168786048889,-0.1178336814045906,-0.23161680996418,-0.7657994031906128,-0.15351030230522156,-0.26308512687683105,-0.8979760408401489,-0.18070577085018158,-0.05824178829789162,-0.4395708739757538,-0.09266319125890732,-0.05851462483406067,-0.6539831757545471,-0.14693835377693176,-0.05982254073023796,-0.8194819688796997,-0.18808458745479584,-0.06649880856275558,-0.9741830229759216,-0.2157437801361084,0.023346006870269775,-0.39715495705604553,-0.11075594276189804,0.07029487937688828,-0.5560002326965332,-0.16605937480926514,0.09697481244802475,-0.6718294620513916,-0.19410474598407745,0.11318087577819824,-0.78426194190979,-0.21201087534427643
open_palm,0.0,0.0,0.0,-0.1092124730348587,-0.0014857532223686576,-0.05243334546685219,-0.21742132306098938,-0.058074817061424255,-0.08422420918941498,-0.3039220869541168,-0.11018206924200058,-0.11212384700775146,-0.3782804012298584,-0.1332947164773941,-0.14220553636550903,-0.2087259739637375,-0.34976744651794434,-0.06763286143541336,-0.2990588843822479,-0.48594996333122253,-0.11308572441339493,-0.3558521866798401,-0.5803389549255371,-0.14697445929050446,-0.4005906581878662,-0.6704698801040649,-0.17254911363124847,-0.1367482841014862,-0.4310501515865326,-0.07852515578269958,-0.1963394731283188,-0.6371971964836121,-0.1178138479590416,-0.23037289083003998,-0.780637264251709,-0.15247704088687897,-0.2571043074131012,-0.9136466979980469,-0.1789505034685135,-0.056347332894802094,-0.44026124477386475,-0.09557595103979111,-0.05629368871450424,-0.656904935836792,-0.14993299543857574,-0.053234707564115524,-0.8221724033355713,-0.19091448187828064,-0.055339571088552475,-0.9742516875267029,-0.21856653690338135,0.027517059817910194,-0.3921557068824768,-0.11500122398138046,0.07721880078315735,-0.5426257252693176,-0.17156623303890228,0.10946054011583328,-0.6466315388679504,-0.19810917973518372,0.13000500202178955,-0.743369996547699,-0.21462151408195496
open_palm,0.0,0.0,0.0,0.1271803379058838,0.04291654750704765,-0.061291102319955826,0.24366967380046844,0.03227397799491882,-0.10495839267969131,0.33610761165618896,0.06638089567422867,-0.1459878385066986,0.4113357365131378,0.1222139224410057,-0.19093261659145355,0.25921666622161865,-0.2996610999107361,-0.10671137273311615,0.37524324655532837,-0.4307330250740051,-0.16437558829784393,0.4439865052700043,-0.5171096324920654,-0.20236702263355255,0.5046306848526001,-0.6075824499130249,-0.23097524046897888,0.19536487758159637,-0.397793710231781,-0.11630535870790482,0.2780572772026062,-0.6003463864326477,-0.17248781025409698,0.3321714699268341,-0.736104428768158,-0.21215753257274628,0.3754958510398865,-0.8699148297309875,-0.24177496135234833,0.11529871076345444,-0.42392435669898987,-0.12971161305904388,0.1339615285396576,-0.6496400237083435,-0.18406537175178528,0.14822745323181152,-0.8077570199966431,-0.22262737154960632,0.16476258635520935,-0.9541619420051575,-0.24985653162002563,0.02944071777164936,-0.39260563254356384,-0.14770571887493134,-0.00035599395050667226,-0.5795023441314697,-0.19898824393749237,-0.01667720265686512,-0.7067914605140686,-0.22617095708847046,-0.023297248408198357,-0.8329082727432251,-0.2446022629737854
open_palm,0.0,0.0,0.0,0.1272655725479126,0.04240008071064949,-0.06005965545773506,0.2447461634874344,0.03112250566482544,-0.10248558968305588,0.3393765389919281,0.06578926742076874,-0.1428939700126648,0.415151447057724,0.12389553338289261,-0.18716645240783691,0.25850221514701843,-0.29774540662765503,-0.10104348510503769,0.3728368580341339,-0.4304383397102356,-0.15701046586036682,0.4405598044395447,-0.5165007710456848,-0.19428057968616486,0.5011793375015259,-0.6067795157432556,-0.22304821014404297,0.19568265974521637,-0.3955039083957672,-0.11146660149097443,0.27733129262924194,-0.5962109565734863,-0.1667395532131195,0.32988598942756653,-0.7317796349525452,-0.20615163445472717,0.3722030520439148,-0.8654946088790894,-0.23573362827301025,0.11643530428409576,-0.4215576946735382,-0.1261073499917984,0.13262714445590973,-0.6492388248443604,-0.18075333535671234,0.146900475025177,-0.8074444532394409,-0.21975356340408325,0.16558614373207092,-0.9546383619308472,-0.24748097360134125,0.03097091056406498,-0.389812707901001,-0.14539334177970886,-0.00041002125362865627,-0.5762611031532288,-0.19742326438426971,-0.01803048700094223,-0.7039318084716797,-0.22536875307559967,-0.024176253005862236,-0.8307894468307495,-0.2446383833885193
open_palm,0.0,0.0,0.0,0.12891054153442383,0.048735734075307846,-0.05915907770395279,0.24950464069843292,0.04188549518585205,-0.10231137275695801,0.34868770837783813,0.0821501761674881,-0.1442810297012329,0.4275771677494049,0.13825252652168274,-0.19064871966838837,0.2627784311771393,-0.2916043698787689,-0.10041381418704987,0.37487730383872986,-0.42274704575538635,-0.1579640805721283,0.44216489791870117,-0.5076244473457336,-0.1973273903131485,0.5018683075904846,-0.6001396775245667,-0.22747749090194702,0.19919182360172272,-0.3895823359489441,-0.11247283220291138,0.2813674211502075,-0.5936306118965149,-0.1680375337600708,0.3361921012401581,-0.7324038743972778,-0.20779579877853394,0.3806489109992981,-0.8731276988983154,-0.238051176071167,0.11884661018848419,-0.4147202968597412,-0.12900300323963165,0.13492245972156525,-0.6450654864311218,-0.1838778406381607,0.14903044700622559,-0.8034414052963257,-0.22183841466903687,0.16874557733535767,-0.9536877274513245,-0.2490074634552002,0.0318550169467926,-0.38151246309280396,-0.15028637647628784,0.0009821236599236727,-0.5737763047218323,-0.20227250456809998,-0.015780949965119362,-0.7023770809173584,-0.22877678275108337,-0.020217744633555412,-0.8300102949142456,-0.24727703630924225
open_palm,0.0,0.0,0.0,0.1285761296749115,0.046380553394556046,-0.0613284707069397,0.24597781896591187,0.03990066051483154,-0.10623722523450851,0.3426170349121094,0.08070103824138641,-0.14949317276477814,0.42155858874320984,0.13715940713882446,-0.19714748859405518,0.2610490620136261,-0.29480743408203125,-0.10592132061719894,0.3770295977592468,-0.4255567193031311,-0.16539956629276276,0.4458102285861969,-0.5123101472854614,-0.2054939568042755,0.5061179399490356,-0.6085175275802612,-0.2361401617527008,0.19747214019298553,-0.3924919366836548,-0.1171223521232605,0.28221386671066284,-0.5911014080047607,-0.17551614344120026,0.3368232548236847,-0.730566143989563,-0.216230109333992,0.37995287775993347,-0.8725897073745728,-0.24677760899066925,0.11708825081586838,-0.41808006167411804,-0.13277792930603027,0.13395866751670837,-0.6462514996528625,-0.18995563685894012,0.15016204118728638,-0.802548885345459,-0.2289966195821762,0.1709495633840561,-0.9512794017791748,-0.25660058856010437,0.030689293518662453,-0.3861567974090576,-0.1532372534275055,0.0019468455575406551,-0.5746337175369263,-0.20739829540252686,-0.01285194419324398,-0.703109860420227,-0.23541349172592163,-0.015894154086709023,-0.8308870792388916,-0.2547207772731781
open_palm,0.0,0.0,0.0,0.13022302091121674,0.04781489074230194,-0.05895118787884712,0.2501392662525177,0.04063570871949196,-0.10213707387447357,0.3485170006752014,0.07887092977762222,-0.14424017071723938,0.42724382877349854,0.1340743601322174,-0.19054751098155975,0.26539304852485657,-0.2970598042011261,-0.09877517819404602,0.37735337018966675,-0.42900437116622925,-0.15637075901031494,0.44343557953834534,-0.515719473361969,-0.19615401327610016,0.5019708275794983,-0.6109257936477661,-0.22670245170593262,0.20081903040409088,-0.3947180509567261,-0.11082731187343597,0.2815646827220917,-0.5985193252563477,-0.1664435714483261,0.333566814661026,-0.7359862923622131,-0.2065255045890808,0.37590134143829346,-0.8778026700019836,-0.23682469129562378,0.12000889331102371,-0.42010319232940674,-0.12750649452209473,0.13492557406425476,-0.6479824185371399,-0.1830187886953354,0.1498681902885437,-0.8035277724266052,-0.22122178971767426,0.17056259512901306,-0.9536095261573792,-0.24806715548038483,0.03336832672357559,-0.3882173001766205,-0.1488068699836731,0.00569339981302619,-0.5799696445465088,-0.20069313049316406,-0.010156126692891121,-0.7086915969848633,-0.22690998017787933,-0.014125112444162369,-0.8368834853172302,-0.24494396150112152
open_palm,0.0,0.0,0.0,0.12749983370304108,0.04452052339911461,-0.0601370707154274,0.2444305419921875,0.042046919465065,-0.10407282412052155,0.3415091633796692,0.08516805619001389,-0.14680889248847961,0.41979339718818665,0.14032436907291412,-0.19384217262268066,0.2614995837211609,-0.2960628271102905,-0.10009592026472092,0.3721158504486084,-0.4296037554740906,-0.15699264407157898,0.43555593490600586,-0.5194500088691711,-0.19626161456108093,0.49082130193710327,-0.6160648465156555,-0.22663608193397522,0.19810035824775696,-0.3940971791744232,-0.1114356741309166,0.27888306975364685,-0.5938157439231873,-0.1667642593383789,0.32914891839027405,-0.7311211228370667,-0.20685851573944092,0.3685559332370758,-0.8698012232780457,-0.2375376671552658,0.11788658052682877,-0.42139172554016113,-0.12745530903339386,0.13335034251213074,-0.649531364440918,-0.1829010248184204,0.14830425381660461,-0.8057227730751038,-0.2213205099105835,0.16861671209335327,-0.9537590742111206,-0.24882131814956665,0.03126233443617821,-0.39179882407188416,-0.148204505443573,0.003738520434126258,-0.5846312046051025,-0.20099478960037231,-0.010843614116311073,-0.7132731080055237,-0.22795213758945465,-0.013114534318447113,-0.8404375910758972,-0.24666447937488556
open_palm,0.0,0.0,0.0,0.12835219502449036,0.0559723861515522,-0.06904195249080658,0.24844011664390564,0.06020822376012802,-0.11620086431503296,0.3467397689819336,0.11000514030456543,-0.1605033129453659,0.42530736327171326,0.17021584510803223,-0.20939944684505463,0.2623252272605896,-0.28191491961479187,-0.11197370290756226,0.37588927149772644,-0.41297072172164917,-0.17110906541347504,0.441258043050766,-0.5026675462722778,-0.2115386426448822,0.4975449740886688,-0.5996770262718201,-0.24298101663589478,0.19981007277965546,-0.38282519578933716,-0.11945796757936478,0.2839944660663605,-0.5817368030548096,-0.178023561835289,0.33733123540878296,-0.7176986336708069,-0.22075055539608002,0.3793126344680786,-0.8556090593338013,-0.2535884976387024,0.12091899663209915,-0.41422319412231445,-0.13204807043075562,0.1397145539522171,-0.6455948948860168,-0.1910417675971985,0.15609042346477509,-0.8016958832740784,-0.23423387110233307,0.17672818899154663,-0.9478955268859863,-0.26506856083869934,0.03638535737991333,-0.3900012671947479,-0.14978280663490295,0.011082200333476067,-0.5851873159408569,-0.2055997997522354,-0.003091641468927264,-0.7157379388809204,-0.23708945512771606,-0.005667358171194792,-0.8428502082824707,-0.2596108913421631
open_palm,0.0,0.0,0.0,0.12976336479187012,0.05141397565603256,-0.06306466460227966,0.25109389424324036,0.05607687681913376,-0.10866227746009827,0.3494761288166046,0.10697265714406967,-0.15269717574119568,0.42793628573417664,0.16482804715633392,-0.20080451667308807,0.26428279280662537,-0.2865103483200073,-0.10214614123106003,0.3758140206336975,-0.4178825914859772,-0.16060790419578552,0.44045642018318176,-0.507362961769104,-0.20068061351776123,0.4961600601673126,-0.605991542339325,-0.2313529998064041,0.2030777633190155,-0.38771945238113403,-0.1123223677277565,0.2895371913909912,-0.58441561460495,-0.16947948932647705,0.34231066703796387,-0.7241147756576538,-0.2100124955177307,0.3818990886211395,-0.8670355677604675,-0.24049554765224457,0.12474802881479263,-0.41969457268714905,-0.12758392095565796,0.14313621819019318,-0.6487225294113159,-0.18382921814918518,0.15875642001628876,-0.8040791153907776,-0.22251226007938385,0.17903269827365875,-0.95164555311203,-0.2496357560157776,0.03998764604330063,-0.39549359679222107,-0.1479179412126541,0.012728326953947544,-0.5909504294395447,-0.20013798773288727,-0.001061520422808826,-0.721668004989624,-0.22723567485809326,-0.002433556132018566,-0.8489716053009033,-0.2460847795009613
open_palm,0.0,0.0,0.0,0.1289399415254593,0.052501849830150604,-0.06907054036855698,0.24806712567806244,0.056758858263492584,-0.11889445036649704,0.34730154275894165,0.10799286514520645,-0.166214257478714,0.42807790637016296,0.1645755171775818,-0.21834993362426758,0.26215267181396484,-0.28522756695747375,-0.11470741033554077,0.37243732810020447,-0.4156852066516876,-0.1777959167957306,0.4376388192176819,-0.5045169591903687,-0.22141508758068085,0.49550512433052063,-0.6006041169166565,-0.2551003098487854,0.20050567388534546,-0.3831886649131775,-0.12401124835014343,0.2848947048187256,-0.5781521797180176,-0.1871032863855362,0.3369227647781372,-0.7168636322021484,-0.23267295956611633,0.37801140546798706,-0.857325553894043,-0.2675043046474457,0.12084725499153137,-0.4112353026866913,-0.13842526078224182,0.13933654129505157,-0.6418739557266235,-0.20170842111110687,0.15461090207099915,-0.7983497381210327,-0.2450307309627533,0.17531754076480865,-0.9451462030410767,-0.27561286091804504,0.03554316610097885,-0.38298913836479187,-0.1579616218805313,0.010583327151834965,-0.5783862471580505,-0.2176453173160553,-0.0016133412718772888,-0.7079628109931946,-0.24971771240234375,-0.0013068481348454952,-0.8360557556152344,-0.2723926305770874
open_palm,0.0,0.0,0.0,0.12860971689224243,0.06138087436556816,-0.07429266721010208,0.24772043526172638,0.0677410364151001,-0.12868255376815796,0.3431120216846466,0.11948136240243912,-0.17938685417175293,0.42482566833496094,0.1727529764175415,-0.2352890819311142,0.26108458638191223,-0.2802666425704956,-0.1283227503299713,0.3678620755672455,-0.40881848335266113,-0.19657008349895477,0.4317753314971924,-0.495047926902771,-0.24361160397529602,0.4890398383140564,-0.5885999798774719,-0.27950188517570496,0.19957295060157776,-0.37843719124794006,-0.13768021762371063,0.28449931740760803,-0.5754070281982422,-0.20547762513160706,0.33595311641693115,-0.7121397852897644,-0.2548818588256836,0.37720781564712524,-0.8519582748413086,-0.29284563660621643,0.1189129650592804,-0.4056689739227295,-0.1519453376531601,0.13798223435878754,-0.6341927647590637,-0.21880441904067993,0.15311263501644135,-0.7918049097061157,-0.26514625549316406,0.1727207601070404,-0.938681960105896,-0.2984018325805664,0.032516106963157654,-0.37556201219558716,-0.17148734629154205,0.00968846119940281,-0.5694640874862671,-0.233025461435318,-0.00214578490704298,-0.6973857283592224,-0.26622796058654785,-0.0020450407173484564,-0.8241220116615295,-0.2905222177505493
open_palm,0.0,0.0,0.0,0.12425895780324936,0.048505749553442,-0.06168118119239807,0.24499554932117462,0.04741818830370903,-0.10732339322566986,0.342162162065506,0.09230596572160721,-0.15142686665058136,0.4227023422718048,0.14671629667282104,-0.1995103359222412,0.25998052954673767,-0.29869499802589417,-0.10157990455627441,0.367965430021286,-0.4306618273258209,-0.16105803847312927,0.43114715814590454,-0.5162891149520874,-0.2021477371454239,0.4880959987640381,-0.6091618537902832,-0.23319321870803833,0.19834962487220764,-0.395468145608902,-0.11293722689151764,0.2827880084514618,-0.590763509273529,-0.17105919122695923,0.33312588930130005,-0.7270331382751465,-0.2130625993013382,0.3725404441356659,-0.8664230704307556,-0.2447047084569931,0.11865131556987762,-0.42270493507385254,-0.12907598912715912,0.1377025544643402,-0.6493205428123474,-0.186188206076622,0.1525123119354248,-0.8054995536804199,-0.22431236505508423,0.17196646332740784,-0.952562153339386,-0.25110331177711487,0.03292713686823845,-0.3935474455356598,-0.15011736750602722,0.010040287859737873,-0.5892409086227417,-0.20229698717594147,-0.0018307394348084927,-0.716337263584137,-0.22781631350517273,-0.001505803782492876,-0.8432438969612122,-0.24554531276226044
open_palm,0.0,0.0,0.0,0.1334373652935028,0.06541351974010468,-0.07501718401908875,0.25506535172462463,0.0722169354557991,-0.12949472665786743,0.35227102041244507,0.12087885290384293,-0.18072396516799927,0.4374903440475464,0.17036008834838867,-0.23762303590774536,0.265365332365036,-0.27675214409828186,-0.130573108792305,0.37626102566719055,-0.41243717074394226,-0.19946324825286865,0.44273698329925537,-0.5047411918640137,-0.247580885887146,0.501560389995575,-0.6051415801048279,-0.2850898802280426,0.19969302415847778,-0.3739235997200012,-0.1410074681043625,0.2834118902683258,-0.572528064250946,-0.2125837802886963,0.33628904819488525,-0.7111688256263733,-0.2685292065143585,0.3803286850452423,-0.8571251630783081,-0.3122195601463318,0.11678414791822433,-0.401956707239151,-0.15582706034183502,0.13202664256095886,-0.6284058094024658,-0.2275131493806839,0.14564622938632965,-0.7853127717971802,-0.27987536787986755,0.16427434980869293,-0.9339296817779541,-0.31747329235076904,0.029007116332650185,-0.37453001737594604,-0.1755356341600418,0.005301106255501509,-0.5698200464248657,-0.24122056365013123,-0.008963328786194324,-0.6965467929840088,-0.2780115306377411,-0.011595052666962147,-0.8246250152587891,-0.30532073974609375
open_palm,0.0,0.0,0.0,0.1303587108850479,0.0474449023604393,-0.06781048327684402,0.2528737187385559,0.04450562968850136,-0.11597630381584167,0.3521752953529358,0.08473099768161774,-0.16137664020061493,0.4351937472820282,0.13484837114810944,-0.21111959218978882,0.2645050287246704,-0.30505725741386414,-0.11123542487621307,0.37067726254463196,-0.4443739950656891,-0.1725170910358429,0.43382197618484497,-0.5361255407333374,-0.21449950337409973,0.4884485602378845,-0.6352905631065369,-0.24657465517520905,0.1970338672399521,-0.3966054916381836,-0.12117382138967514,0.27440762519836426,-0.6029962301254272,-0.18100841343402863,0.32403817772865295,-0.739621639251709,-0.22450238466262817,0.3630422353744507,-0.8798211216926575,-0.25791141390800476,0.11321014165878296,-0.41793903708457947,-0.136413112282753,0.12622785568237305,-0.647835910320282,-0.19770154356956482,0.13906322419643402,-0.8021702766418457,-0.23946399986743927,0.15767382085323334,-0.9502407312393188,-0.2686660885810852,0.024937206879258156,-0.38467854261398315,-0.15670515596866608,-0.001272100256755948,-0.5797259211540222,-0.21420742571353912,-0.01720106229186058,-0.7070146203041077,-0.24406294524669647,-0.020740898326039314,-0.8350358605384827,-0.26473984122276306
open_palm,0.0,0.0,0.0,0.13034974038600922,0.05592261999845505,-0.07647542655467987,0.2536972165107727,0.05334189534187317,-0.12896983325481415,0.35065343976020813,0.09349624812602997,-0.17719167470932007,0.43343308568000793,0.1407189965248108,-0.23082049190998077,0.25329527258872986,-0.2903735339641571,-0.12970955669879913,0.3567453920841217,-0.4347309172153473,-0.19580991566181183,0.41836974024772644,-0.5325416922569275,-0.24121332168579102,0.4714201092720032,-0.6370710134506226,-0.276281476020813,0.18548090755939484,-0.38260430097579956,-0.13771769404411316,0.26104772090911865,-0.5946348905563354,-0.20335955917835236,0.30917346477508545,-0.7336332201957703,-0.2539762556552887,0.3483734428882599,-0.8809666037559509,-0.293505996465683,0.10168469697237015,-0.40498194098472595,-0.1504146307706833,0.10913869738578796,-0.6372789144515991,-0.21708282828330994,0.11925434321165085,-0.793207049369812,-0.26641979813575745,0.13501472771167755,-0.9437334537506104,-0.301891028881073,0.013797827064990997,-0.37208181619644165,-0.16832691431045532,-0.014329713769257069,-0.5620410442352295,-0.22919431328773499,-0.03164627403020859,-0.6858695149421692,-0.2635338008403778,-0.03781026601791382,-0.8110310435295105,-0.2890390157699585
open_palm,0.0,0.0,0.0,0.12994621694087982,0.05526767671108246,-0.0745888352394104,0.25280946493148804,0.052990589290857315,-0.12680375576019287,0.3498941957950592,0.09225571155548096,-0.1752467304468155,0.4316350519657135,0.13889944553375244,-0.22941896319389343,0.24906150996685028,-0.28720414638519287,-0.13091115653514862,0.3524872660636902,-0.43576475977897644,-0.1976461559534073,0.41468802094459534,-0.5366876125335693,-0.2430049628019333,0.4689089357852936,-0.6435382962226868,-0.27785220742225647,0.1808030754327774,-0.3785243332386017,-0.1397121399641037,0.2551884055137634,-0.5952256917953491,-0.20594806969165802,0.3018815815448761,-0.7404190897941589,-0.256714403629303,0.3399495482444763,-0.8925085067749023,-0.2964167594909668,0.09791789948940277,-0.3996983468532562,-0.15270079672336578,0.10182327032089233,-0.6288274526596069,-0.2191411554813385,0.11005908995866776,-0.7862185835838318,-0.2677329182624817,0.12463120371103287,-0.9363120794296265,-0.3026484251022339,0.011475182138383389,-0.36654603481292725,-0.17079706490039825,-0.019368590787053108,-0.5561232566833496,-0.23086251318454742,-0.03643667697906494,-0.680187463760376,-0.26436588168144226,-0.042168620973825455,-0.8032721877098083,-0.28932276368141174
open_palm,0.0,0.0,0.0,0.12621116638183594,0.04526180028915405,-0.06930381059646606,0.24652032554149628,0.04072924703359604,-0.11876669526100159,0.3464674949645996,0.07766969501972198,-0.1655440330505371,0.4286220967769623,0.1250174641609192,-0.2171851247549057,0.2438555657863617,-0.297972708940506,-0.1194482371211052,0.3497609496116638,-0.4494578540325165,-0.18315543234348297,0.41290971636772156,-0.5491378307342529,-0.22568143904209137,0.46829816699028015,-0.6542677283287048,-0.25775566697120667,0.17464065551757812,-0.38719141483306885,-0.12924984097480774,0.24716801941394806,-0.6033563613891602,-0.1921573430299759,0.2928396165370941,-0.75196373462677,-0.2385150045156479,0.32852548360824585,-0.9040103554725647,-0.27356237173080444,0.0916137769818306,-0.4039693772792816,-0.14328908920288086,0.0945676639676094,-0.6344034075737,-0.20638152956962585,0.09993621706962585,-0.7938117980957031,-0.2499474287033081,0.11240537464618683,-0.946837306022644,-0.2801017761230469,0.006263834424316883,-0.3637791574001312,-0.16233083605766296,-0.026540080085396767,-0.551849365234375,-0.21945874392986298,-0.04547610506415367,-0.6735188364982605,-0.24875207245349884,-0.05298950895667076,-0.7966712117195129,-0.2691953778266907
open_palm,0.0,0.0,0.0,0.13096484541893005,0.050949908792972565,-0.06236585974693298,0.2519277334213257,0.041544634848833084,-0.10812373459339142,0.35360124707221985,0.07040443271398544,-0.1529076248407364,0.4369395673274994,0.11403200775384903,-0.20334073901176453,0.2471550554037094,-0.29063108563423157,-0.11114202439785004,0.35223984718322754,-0.4457772374153137,-0.17320005595684052,0.4166031777858734,-0.546914279460907,-0.21563202142715454,0.4741242527961731,-0.6528865098953247,-0.24803312122821808,0.17499473690986633,-0.3797385096549988,-0.12393946945667267,0.24678190052509308,-0.6026758551597595,-0.18371358513832092,0.2924644947052002,-0.7538338303565979,-0.2278267741203308,0.32866522669792175,-0.907390832901001,-0.26195624470710754,0.08895433694124222,-0.3959805965423584,-0.14077307283878326,0.09247272461652756,-0.6315045356750488,-0.2010364532470703,0.09934145957231522,-0.7943624258041382,-0.24148651957511902,0.11340121924877167,-0.9518156051635742,-0.2704417109489441,0.0005453478661365807,-0.35521984100341797,-0.16237406432628632,-0.031830474734306335,-0.5481508374214172,-0.21822428703308105,-0.05018394812941551,-0.6720486283302307,-0.24560661613941193,-0.057302892208099365,-0.7978829145431519,-0.26513388752937317
open_palm,0.0,0.0,0.0,0.13538064062595367,0.05565614253282547,-0.06123468279838562,0.2635018229484558,0.04681025817990303,-0.10532122105360031,0.36811015009880066,0.07284389436244965,-0.14859504997730255,0.4525684118270874,0.11630789935588837,-0.19779083132743835,0.2622077465057373,-0.29096269607543945,-0.10896792262792587,0.36362627148628235,-0.4438636600971222,-0.17036005854606628,0.4264410138130188,-0.5439538955688477,-0.21213321387767792,0.482758492231369,-0.6486989855766296,-0.24436147511005402,0.19051629304885864,-0.37905555963516235,-0.12321458756923676,0.2581503093242645,-0.5958829522132874,-0.18408845365047455,0.30283626914024353,-0.7457841038703918,-0.22907654941082,0.3394680917263031,-0.9030164480209351,-0.26329222321510315,0.10300115495920181,-0.3927074074745178,-0.14144019782543182,0.1024683490395546,-0.6272748112678528,-0.20497600734233856,0.10535412281751633,-0.7874909043312073,-0.24661435186862946,0.11860582232475281,-0.945999264717102,-0.27547088265419006,0.012412209995090961,-0.3467538356781006,-0.16409876942634583,-0.023808706551790237,-0.5355839133262634,-0.22314214706420898,-0.04638579487800598,-0.6563143134117126,-0.2517159879207611,-0.05519888177514076,-0.7789027690887451,-0.2713232934474945
open_palm,0.0,0.0,0.0,0.13446125388145447,0.057980991899967194,-0.0566011443734169,0.26067256927490234,0.04665781185030937,-0.09801658242940903,0.3669104278087616,0.07752833515405655,-0.13946330547332764,0.45233210921287537,0.12427254766225815,-0.1873227208852768,0.25504177808761597,-0.28447169065475464,-0.10408984869718552,0.353983998298645,-0.4380325973033905,-0.1630767434835434,0.4167373776435852,-0.5382153391838074,-0.20443348586559296,0.4742721915245056,-0.6393209099769592,-0.2369791716337204,0.1842130571603775,-0.3673555254936218,-0.12057186663150787,0.2490236908197403,-0.5825588703155518,-0.1811242550611496,0.2931952178478241,-0.7427031397819519,-0.2290235161781311,0.3288017213344574,-0.9060348868370056,-0.2664400339126587,0.09697635471820831,-0.3770175576210022,-0.1402612179517746,0.09591402858495712,-0.6147189736366272,-0.20365923643112183,0.09622988104820251,-0.7811545133590698,-0.24753627181053162,0.10539461672306061,-0.9408362507820129,-0.27874454855918884,0.005219808779656887,-0.3273332118988037,-0.16385461390018463,-0.03630921244621277,-0.5186721682548523,-0.22323988378047943,-0.061553627252578735,-0.6428691148757935,-0.2530836760997772,-0.07358718663454056,-0.7665069699287415,-0.27420490980148315
open_palm,0.0,0.0,0.0,-0.07381641864776611,-0.17416340112686157,-0.017405979335308075,-0.1139114648103714,-0.34597986936569214,-0.04030414670705795,-0.15709157288074493,-0.49699679017066956,-0.06113802641630173,-0.2077980786561966,-0.5851116180419922,-0.08398857712745667,0.018412301316857338,-0.49797841906547546,-0.061530258506536484,0.012727323919534683,-0.7333313226699829,-0.09486820548772812,0.011238960549235344,-0.869785726070404,-0.1154024675488472,0.016455987468361855,-0.9845396280288696,-0.12904436886310577,0.08967383950948715,-0.46280336380004883,-0.06926107406616211,0.11647378653287888,-0.7015883326530457,-0.10166012495756149,0.1387527585029602,-0.8531308174133301,-0.12127456814050674,0.15974174439907074,-0.9778944849967957,-0.13492554426193237,0.14388231933116913,-0.3866369426250458,-0.07587222009897232,0.2082958221435547,-0.5652042627334595,-0.1110067069530487,0.25546401739120483,-0.6845204830169678,-0.13324128091335297,0.2911093831062317,-0.7835845947265625,-0.1455010324716568,0.17962069809436798,-0.29469817876815796,-0.08110707998275757,0.2616153657436371,-0.40128082036972046,-0.10997913032770157,0.31048616766929626,-0.4639309048652649,-0.11997687816619873,0.35222673416137695,-0.524135172367096,-0.12400536984205246
open_palm,0.0,0.0,0.0,-0.0723540335893631,-0.17971959710121155,-0.011998129077255726,-0.1092531606554985,-0.3516053557395935,-0.03238549456000328,-0.1517070084810257,-0.5051117539405823,-0.05078933760523796,-0.20273995399475098,-0.5931664705276489,-0.07116987556219101,0.020873021334409714,-0.492198646068573,-0.0609595812857151,0.01665690541267395,-0.7298352718353271,-0.09268172085285187,0.015690714120864868,-0.8674694299697876,-0.11049376428127289,0.021688848733901978,-0.9819661974906921,-0.12165752053260803,0.09110024571418762,-0.45838025212287903,-0.06768479198217392,0.12055860459804535,-0.7020276188850403,-0.10042895376682281,0.1443602591753006,-0.8556035757064819,-0.11735453456640244,0.16542376577854156,-0.9778629541397095,-0.128136545419693,0.14499057829380035,-0.38370972871780396,-0.07197078317403793,0.20875371992588043,-0.5655845403671265,-0.10391131043434143,0.25610801577568054,-0.6866844296455383,-0.12221789360046387,0.2913725674152374,-0.7848198413848877,-0.13138937950134277,0.1796654611825943,-0.2941212058067322,-0.07435872405767441,0.26149675250053406,-0.4027980864048004,-0.09771046042442322,0.3095364272594452,-0.46603327989578247,-0.10410790890455246,0.35072100162506104,-0.5258374214172363,-0.10561945289373398
open_palm,0.0,0.0,0.0,-0.07257181406021118,-0.17920854687690735,-0.012531126849353313,-0.10953876376152039,-0.35114017128944397,-0.0327986516058445,-0.15228402614593506,-0.5056754350662231,-0.05088804289698601,-0.20417435467243195,-0.5981752276420593,-0.07063481211662292,0.020411599427461624,-0.49600183963775635,-0.05725228786468506,0.015928875654935837,-0.7319830060005188,-0.08609086275100708,0.015336118638515472,-0.8663404583930969,-0.10226733982563019,0.02275487408041954,-0.9800792932510376,-0.11275158077478409,0.09115944802761078,-0.46387365460395813,-0.06266151368618011,0.12051475048065186,-0.7044551372528076,-0.09402310103178024,0.14458492398262024,-0.8565406203269958,-0.11097022891044617,0.1668737828731537,-0.9784009456634521,-0.12200240790843964,0.14445114135742188,-0.3882571756839752,-0.06559891998767853,0.20879100263118744,-0.5661550760269165,-0.09626162052154541,0.25702083110809326,-0.6853824257850647,-0.11478199809789658,0.29344362020492554,-0.7836050391197205,-0.12432771921157837,0.17811575531959534,-0.2981503903865814,-0.0666082575917244,0.2597486972808838,-0.4044157564640045,-0.08890459686517715,0.30814409255981445,-0.4668046236038208,-0.09528850018978119,0.3497152328491211,-0.5272315740585327,-0.0970105305314064
open_palm,0.0,0.0,0.0,-0.07099808752536774,-0.17537900805473328,-0.013162901625037193,-0.10913605988025665,-0.34700268507003784,-0.03389068320393562,-0.1503475308418274,-0.5014542937278748,-0.05232883617281914,-0.20083867013454437,-0.5956482291221619,-0.07251344621181488,0.019755717366933823,-0.49471595883369446,-0.06172007694840431,0.017353622242808342,-0.734000027179718,-0.09149039536714554,0.01902211457490921,-0.8701872825622559,-0.10714017599821091,0.028145121410489082,-0.9847447276115417,-0.11723349243402481,0.09105134010314941,-0.4599570035934448,-0.06874293088912964,0.12516821920871735,-0.7030918002128601,-0.1013416051864624,0.15037745237350464,-0.8562581539154053,-0.11823165416717529,0.17223435640335083,-0.976532518863678,-0.1293044537305832,0.14466772973537445,-0.382142573595047,-0.07340245693922043,0.2152777761220932,-0.55936199426651,-0.10597191751003265,0.26407238841056824,-0.6805570125579834,-0.1252433806657791,0.29995226860046387,-0.7799760699272156,-0.1354735940694809,0.17862235009670258,-0.28922122716903687,-0.07607285678386688,0.2631784677505493,-0.3959253132343292,-0.10103357583284378,0.3122398555278778,-0.4613815248012543,-0.10904917120933533,0.35329750180244446,-0.5258163213729858,-0.11203418672084808
open_palm,0.0,0.0,0.0,-0.07108519226312637,-0.17788931727409363,-0.010137932375073433,-0.10820312052965164,-0.3503358066082001,-0.028908612206578255,-0.15024860203266144,-0.5061825513839722,-0.04528030753135681,-0.20119056105613708,-0.6000454425811768,-0.06328730285167694,0.019664056599140167,-0.48829197883605957,-0.06045548990368843,0.016956711187958717,-0.7318777441978455,-0.08838384598493576,0.02079697512090206,-0.8700131773948669,-0.10233137011528015,0.03254812955856323,-0.9842914938926697,-0.1109699234366417,0.09075511991977692,-0.45463788509368896,-0.0661666989326477,0.12487906962633133,-0.7032487392425537,-0.09734179079532623,0.15097816288471222,-0.8581310510635376,-0.11275500804185867,0.1728266477584839,-0.9773178696632385,-0.12239624559879303,0.14501091837882996,-0.3782528340816498,-0.06868977844715118,0.21147520840168,-0.5582615733146667,-0.0985974445939064,0.2606753706932068,-0.6842305064201355,-0.11721877008676529,0.2972509562969208,-0.7851317524909973,-0.1269388198852539,0.1799081414937973,-0.28866612911224365,-0.06876301020383835,0.26272353529930115,-0.39709189534187317,-0.09073035418987274,0.31162598729133606,-0.4604257047176361,-0.09748584777116776,0.35301774740219116,-0.5211211442947388,-0.09954596310853958
open_palm,0.0,0.0,0.0,-0.06972943991422653,-0.17636780440807343,-0.018478842452168465,-0.10656177997589111,-0.35260725021362305,-0.04333043098449707,-0.1479099988937378,-0.5126506090164185,-0.06500564515590668,-0.20003117620944977,-0.60493004322052,-0.08879396319389343,0.022263165563344955,-0.4843268394470215,-0.07478129863739014,0.020447274670004845,-0.7275012731552124,-0.11110485345125198,0.025072507560253143,-0.8713257312774658,-0.13162223994731903,0.037083543837070465,-0.9885454177856445,-0.14480946958065033,0.09350378066301346,-0.44801440834999084,-0.08152273297309875,0.1297607421875,-0.6917126774787903,-0.11719261854887009,0.15756520628929138,-0.8490161895751953,-0.1368260681629181,0.18156763911247253,-0.9718257784843445,-0.15029235184192657,0.14830249547958374,-0.3733494281768799,-0.08593293279409409,0.21693584322929382,-0.553604245185852,-0.12142549455165863,0.2668376564979553,-0.6801800727844238,-0.14313746988773346,0.30342724919319153,-0.780750572681427,-0.15538619458675385,0.18481434881687164,-0.28439921140670776,-0.08875299245119095,0.26808997988700867,-0.39248839020729065,-0.11768978089094162,0.31722208857536316,-0.4588030278682709,-0.1280091106891632,0.35784491896629333,-0.5220891237258911,-0.1324010044336319
open_palm,0.0,0.0,0.0,-0.07078739255666733,-0.18319731950759888,-0.021936984732747078,-0.10521508753299713,-0.36650192737579346,-0.04748089611530304,-0.14489874243736267,-0.5317712426185608,-0.06932658702135086,-0.197504922747612,-0.6296722292900085,-0.09308210015296936,0.021722059696912766,-0.4875474274158478,-0.07556520402431488,0.02357393316924572,-0.7270143032073975,-0.11242211610078812,0.02928820811212063,-0.869770348072052,-0.1331229954957962,0.04105791822075844,-0.988362729549408,-0.14647004008293152,0.0935659110546112,-0.44657793641090393,-0.08101020753383636,0.13350355625152588,-0.6849632263183594,-0.11723281443119049,0.1631622314453125,-0.8419160842895508,-0.13700434565544128,0.1887027621269226,-0.9668038487434387,-0.15057139098644257,0.1483495831489563,-0.36805686354637146,-0.08470147103071213,0.21878555417060852,-0.5438510179519653,-0.12222149968147278,0.2692658603191376,-0.6695991158485413,-0.14477355778217316,0.3073692321777344,-0.7726188898086548,-0.15701285004615784,0.18413850665092468,-0.2761424779891968,-0.08699345588684082,0.269229918718338,-0.38476037979125977,-0.11789485067129135,0.32040730118751526,-0.45008328557014465,-0.1293744295835495,0.3637806177139282,-0.513849139213562,-0.13427329063415527
open_palm,0.0,0.0,0.0,-0.0697561725974083,-0.188340961933136,-0.020747441798448563,-0.10085664689540863,-0.3752381503582001,-0.045003801584243774,-0.13662126660346985,-0.5414904952049255,-0.0654197707772255,-0.18817272782325745,-0.642558217048645,-0.08729377388954163,0.021480023860931396,-0.48602163791656494,-0.07594802230596542,0.025321999564766884,-0.7251807451248169,-0.1126413494348526,0.033206578344106674,-0.8687551021575928,-0.13207660615444183,0.047546420246362686,-0.988341212272644,-0.14464060962200165,0.09350243955850601,-0.44291263818740845,-0.08234814554452896,0.13568484783172607,-0.6774443984031677,-0.12032931298017502,0.16804532706737518,-0.8335809707641602,-0.14115552604198456,0.1967237889766693,-0.9583737850189209,-0.15526361763477325,0.14811353385448456,-0.3643815815448761,-0.08666110783815384,0.22199547290802002,-0.5322038531303406,-0.12683182954788208,0.27411773800849915,-0.6551768779754639,-0.1506364345550537,0.31418102979660034,-0.7560340762138367,-0.16319026052951813,0.18320000171661377,-0.27355924248695374,-0.08923592418432236,0.27043256163597107,-0.3725391924381256,-0.12262434512376785,0.32364439964294434,-0.43460729718208313,-0.13569952547550201,0.36895203590393066,-0.4962901473045349,-0.14137442409992218
open_palm,0.0,0.0,0.0,-0.06738611310720444,-0.1964777112007141,-0.014163103885948658,-0.09945657849311829,-0.3877614736557007,-0.03745284304022789,-0.13151654601097107,-0.5530288219451904,-0.05719701945781708,-0.182625412940979,-0.6595074534416199,-0.07901957631111145,0.01933492161333561,-0.47479715943336487,-0.0864512026309967,0.025834960862994194,-0.7157601118087769,-0.12767408788204193,0.03427363932132721,-0.862369954586029,-0.1480632722377777,0.04774545878171921,-0.9858447909355164,-0.1607181578874588,0.0905483290553093,-0.4285280406475067,-0.09611304104328156,0.13828517496585846,-0.6650917530059814,-0.14208289980888367,0.1727314442396164,-0.8264268636703491,-0.1664760261774063,0.2028278261423111,-0.9551874995231628,-0.18266774713993073,0.14588460326194763,-0.34881699085235596,-0.10149304568767548,0.225242018699646,-0.516006588935852,-0.1474352777004242,0.2796591520309448,-0.6406401991844177,-0.1722034215927124,0.32165461778640747,-0.7403791546821594,-0.18459922075271606,0.1825377643108368,-0.257171094417572,-0.10384119302034378,0.27433884143829346,-0.3593752682209015,-0.14030784368515015,0.32926836609840393,-0.42064368724823,-0.15341758728027344,0.3758743703365326,-0.4825455844402313,-0.15875008702278137
open_palm,0.0,0.0,0.0,-0.06436193734407425,-0.20016247034072876,-0.012165646068751812,-0.09454548358917236,-0.4019170105457306,-0.030248986557126045,-0.12643390893936157,-0.5669550895690918,-0.04559621587395668,-0.17635667324066162,-0.6679658889770508,-0.06287529319524765,0.017957130447030067,-0.4828590452671051,-0.0743897557258606,0.027373041957616806,-0.7180787324905396,-0.11235564947128296,0.037223104387521744,-0.8644466996192932,-0.1315281242132187,0.051135651767253876,-0.9882268309593201,-0.14419740438461304,0.09020481258630753,-0.4317150413990021,-0.08688635379076004,0.139193594455719,-0.6624279022216797,-0.12635041773319244,0.17450495064258575,-0.8185268640518188,-0.14891237020492554,0.2058434635400772,-0.947601854801178,-0.16488175094127655,0.14716088771820068,-0.34727123379707336,-0.0964837446808815,0.22937843203544617,-0.5065903067588806,-0.1419675648212433,0.28513187170028687,-0.6211114525794983,-0.16890646517276764,0.3293225169181824,-0.7170776128768921,-0.18305988609790802,0.1868712604045868,-0.24818772077560425,-0.10309240967035294,0.2796381413936615,-0.3434494435787201,-0.1429852992296219,0.3364880383014679,-0.40324872732162476,-0.1597091108560562,0.3855297565460205,-0.46630755066871643,-0.16768957674503326
open_palm,0.0,0.0,0.0,-0.05532582476735115,-0.20461493730545044,-0.010790119878947735,-0.08084460347890854,-0.41616809368133545,-0.027468204498291016,-0.10787157714366913,-0.5853515267372131,-0.04160396009683609,-0.15402750670909882,-0.6929731965065002,-0.057434216141700745,0.02270953170955181,-0.4794149398803711,-0.07401496917009354,0.03436404466629028,-0.7162066698074341,-0.11273253709077835,0.045682020485401154,-0.8634312152862549,-0.13227532804012299,0.06183924898505211,-0.9874950051307678,-0.14501525461673737,0.09122948348522186,-0.4251057505607605,-0.08717545866966248,0.14402756094932556,-0.652003824710846,-0.12861742079257965,0.18102297186851501,-0.8102821111679077,-0.15230482816696167,0.21396639943122864,-0.9400297403335571,-0.1689799278974533,0.14614246785640717,-0.3406876027584076,-0.09717636555433273,0.2336212545633316,-0.4958900809288025,-0.14289461076259613,0.28982341289520264,-0.607423722743988,-0.16794101893901825,0.33396726846694946,-0.7019137740135193,-0.18045714497566223,0.18526490032672882,-0.24209418892860413,-0.10426519066095352,0.2804943919181824,-0.33974847197532654,-0.14167043566703796,0.3389105796813965,-0.3965972065925598,-0.1554948091506958,0.3887113630771637,-0.45624303817749023,-0.1615024358034134
open_palm,0.0,0.0,0.0,0.13318383693695068,0.09483681619167328,-0.05806250870227814,0.26148831844329834,0.12447783350944519,-0.09747648984193802,0.3564419448375702,0.18490883708000183,-0.13614459335803986,0.4322200417518616,0.26505041122436523,-0.17938651144504547,0.3115364611148834,-0.22470568120479584,-0.08874183148145676,0.4407041668891907,-0.31824541091918945,-0.1483977884054184,0.5212282538414001,-0.38324931263923645,-0.1913648247718811,0.5909775495529175,-0.451530396938324,-0.22334814071655273,0.2610136568546295,-0.3499681353569031,-0.10301558673381805,0.3828754425048828,-0.5129799842834473,-0.16071678698062897,0.46289002895355225,-0.6261852979660034,-0.20424234867095947,0.5277969837188721,-0.7396990060806274,-0.2372279018163681,0.18177777528762817,-0.41898801922798157,-0.12349475920200348,0.2544032335281372,-0.6283929347991943,-0.1831054389476776,0.30962440371513367,-0.7678300142288208,-0.22875015437602997,0.3616897463798523,-0.8951243758201599,-0.26063936948776245,0.08404923975467682,-0.441236287355423,-0.14822997152805328,0.09356369078159332,-0.6483795046806335,-0.20676380395889282,0.10459093004465103,-0.7884924411773682,-0.23978053033351898,0.12469907850027084,-0.9228134155273438,-0.262645423412323
open_palm,0.0,0.0,0.0,0.12649458646774292,0.06380844116210938,-0.055123694241046906,0.2501268684864044,0.060949187725782394,-0.09399337321519852,0.3423710763454437,0.08629738539457321,-0.1314626932144165,0.4193543493747711,0.14272834360599518,-0.1730850338935852,0.2804641127586365,-0.27761682868003845,-0.08979405462741852,0.3990069031715393,-0.37944483757019043,-0.14960287511348724,0.47506967186927795,-0.4470520317554474,-0.19267265498638153,0.5402601957321167,-0.5201600193977356,-0.22348499298095703,0.22659625113010406,-0.3861050009727478,-0.1035565584897995,0.33387455344200134,-0.5604546070098877,-0.1567261964082718,0.4042293131351471,-0.6809098720550537,-0.19515718519687653,0.46066009998321533,-0.8032286763191223,-0.2239338457584381,0.14785432815551758,-0.4350636899471283,-0.12306397408246994,0.20498764514923096,-0.6417205929756165,-0.17762234807014465,0.25187283754348755,-0.7878932952880859,-0.21728189289569855,0.29558777809143066,-0.923487663269043,-0.2445371001958847,0.055615536868572235,-0.43255844712257385,-0.1466549187898636,0.056261274963617325,-0.6290982961654663,-0.19855423271656036,0.05905499309301376,-0.7620090842247009,-0.22484096884727478,0.06900223344564438,-0.8913695812225342,-0.24242568016052246
open_palm,0.0,0.0,0.0,0.12066063284873962,0.013281081803143024,-0.05398264899849892,0.23223216831684113,-0.020272238180041313,-0.08993923664093018,0.3234349191188812,-0.022058716043829918,-0.12404279410839081,0.39992600679397583,0.002368242247030139,-0.16146665811538696,0.2312183678150177,-0.3513922393321991,-0.07554054260253906,0.32669490575790405,-0.4973693788051605,-0.12413693219423294,0.38366520404815674,-0.5886097550392151,-0.1594999134540558,0.43001389503479004,-0.678572416305542,-0.1860511749982834,0.16794857382774353,-0.4272440969944,-0.08750605583190918,0.24898871779441833,-0.6227839589118958,-0.13336600363254547,0.29590123891830444,-0.757032036781311,-0.17021051049232483,0.32933732867240906,-0.8811072707176208,-0.19784626364707947,0.0885346457362175,-0.4441768527030945,-0.10533612966537476,0.1292446404695511,-0.659558892250061,-0.15638649463653564,0.15760362148284912,-0.8153789043426514,-0.19820064306259155,0.1838231086730957,-0.9563608169555664,-0.22711917757987976,0.0001348896767012775,-0.41153135895729065,-0.12664178013801575,-0.016986509785056114,-0.5907468795776367,-0.1778099536895752,-0.028268257156014442,-0.7162436246871948,-0.2060324102640152,-0.03180643543601036,-0.8398908972740173,-0.22478733956813812
open_palm,0.0,0.0,0.0,0.12068358063697815,-0.011742585338652134,-0.049539532512426376,0.23131805658340454,-0.07184487581253052,-0.0818835124373436,0.32092419266700745,-0.0875030905008316,-0.11287495493888855,0.3942585587501526,-0.06337273120880127,-0.14779114723205566,0.2061224728822708,-0.37913236021995544,-0.0720720961689949,0.2889920473098755,-0.5367067456245422,-0.11896896362304688,0.3379676938056946,-0.6390127539634705,-0.1538560390472412,0.378994882106781,-0.7321896553039551,-0.17922063171863556,0.14049506187438965,-0.4483061730861664,-0.08314964175224304,0.20648878812789917,-0.6597362160682678,-0.1230112686753273,0.2503775358200073,-0.7914478182792664,-0.1540568768978119,0.285399466753006,-0.908257246017456,-0.17757771909236908,0.06266575306653976,-0.45723626017570496,-0.09953828155994415,0.09257254004478455,-0.675740122795105,-0.14267274737358093,0.11353886127471924,-0.8312268853187561,-0.1781524419784546,0.1357608586549759,-0.9696301817893982,-0.203436017036438,-0.021627234295010567,-0.41437801718711853,-0.11962487548589706,-0.052848707884550095,-0.5836018323898315,-0.16369765996932983,-0.07287579029798508,-0.702106237411499,-0.18711908161640167,-0.08461479097604752,-0.817310094833374,-0.20278722047805786
open_palm,0.0,0.0,0.0,0.11207124590873718,-0.05480850487947464,-0.055584345012903214,0.20829708874225616,-0.13956882059574127,-0.09503486752510071,0.29614973068237305,-0.17877329885959625,-0.1331479251384735,0.37131959199905396,-0.18590615689754486,-0.17443503439426422,0.1436997652053833,-0.4310281276702881,-0.07833756506443024,0.20403145253658295,-0.6029799580574036,-0.13016529381275177,0.2397916615009308,-0.7148740887641907,-0.16838687658309937,0.26776689291000366,-0.8227860331535339,-0.19628551602363586,0.07532326132059097,-0.47293201088905334,-0.08710570633411407,0.11288709193468094,-0.6854993104934692,-0.134798064827919,0.1339261680841446,-0.8315206170082092,-0.16959314048290253,0.14555159211158752,-0.9698258638381958,-0.1955822855234146,0.003441584762185812,-0.4516734480857849,-0.10184940695762634,-0.00643410487100482,-0.656067430973053,-0.15015068650245667,-0.011044398881494999,-0.799468994140625,-0.18374736607074738,-0.01320238970220089,-0.933373212814331,-0.20642977952957153,-0.06637702882289886,-0.3847651183605194,-0.12124623358249664,-0.11181526631116867,-0.5370090007781982,-0.16600488126277924,-0.13836517930030823,-0.6452836394309998,-0.18882966041564941,-0.15719468891620636,-0.7569149732589722,-0.20413215458393097
open_palm,0.0,0.0,0.0,0.10221637040376663,-0.08030366897583008,-0.05521915853023529,0.18958570063114166,-0.1878834068775177,-0.09349757432937622,0.2712402939796448,-0.2491423636674881,-0.13022035360336304,0.34239426255226135,-0.28083160519599915,-0.170275017619133,0.10928945243358612,-0.4618127644062042,-0.08267480880022049,0.15168315172195435,-0.6535730957984924,-0.13385798037052155,0.17782418429851532,-0.7746274471282959,-0.17164763808250427,0.1982174813747406,-0.8895618319511414,-0.19933149218559265,0.034948498010635376,-0.48397156596183777,-0.09085795283317566,0.04820661246776581,-0.7032453417778015,-0.13618354499340057,0.05585532635450363,-0.847533643245697,-0.1698412001132965,0.05822934955358505,-0.978779137134552,-0.19647090137004852,-0.03809063509106636,-0.4459017813205719,-0.10456766188144684,-0.06734777241945267,-0.64830082654953,-0.14977070689201355,-0.08386728912591934,-0.7830957174301147,-0.18067705631256104,-0.09448693692684174,-0.9086387753486633,-0.20312759280204773,-0.10647249966859818,-0.3636721670627594,-0.12302009016275406,-0.16414250433444977,-0.5080982446670532,-0.1654336154460907,-0.19716158509254456,-0.6051325798034668,-0.18665368854999542,-0.22150741517543793,-0.7066373229026794,-0.20155301690101624
open_palm,0.0,0.0,0.0,0.10032989084720612,-0.08979936689138412,-0.0512179471552372,0.1827564239501953,-0.20871801674365997,-0.08778546750545502,0.26339709758758545,-0.2863064110279083,-0.12298034131526947,0.3348860442638397,-0.3231574594974518,-0.16151152551174164,0.09175549447536469,-0.46323665976524353,-0.07959600538015366,0.12966056168079376,-0.6583375930786133,-0.12853741645812988,0.1501757800579071,-0.7820019125938416,-0.16356773674488068,0.16290520131587982,-0.8997326493263245,-0.1891823410987854,0.02001773752272129,-0.4760040044784546,-0.08830965310335159,0.02628955990076065,-0.6962811350822449,-0.13269726932048798,0.029741579666733742,-0.8457491397857666,-0.16468442976474762,0.024862738326191902,-0.9816468358039856,-0.189080148935318,-0.04594248905777931,-0.42855072021484375,-0.10182991623878479,-0.0863107293844223,-0.6182819604873657,-0.14556169509887695,-0.10685597360134125,-0.7515124082565308,-0.17561787366867065,-0.12355153262615204,-0.8757469654083252,-0.1965423971414566,-0.10220185667276382,-0.33905744552612305,-0.11973204463720322,-0.1657716929912567,-0.47332605719566345,-0.16078154742717743,-0.20258837938308716,-0.5683339834213257,-0.1816343516111374,-0.23174254596233368,-0.668475866317749,-0.19568340480327606
open_palm,0.0,0.0,0.0,0.09410177171230316,-0.10427337884902954,-0.10010091960430145,0.15481126308441162,-0.23469363152980804,-0.16473032534122467,0.21555209159851074,-0.321672260761261,-0.21994154155254364,0.2836865484714508,-0.39333394169807434,-0.28046146035194397,0.02654779888689518,-0.4565208852291107,-0.15248622000217438,0.029048096388578415,-0.6482555270195007,-0.22371341288089752,0.027666162699460983,-0.7842434048652649,-0.2757800221443176,0.021628709509968758,-0.9073256850242615,-0.3154328167438507,-0.048357948660850525,-0.4423198997974396,-0.14711111783981323,-0.0836077407002449,-0.6638543009757996,-0.21560174226760864,-0.10765847563743591,-0.8068318367004395,-0.2693294584751129,-0.13595612347126007,-0.9401971697807312,-0.3123222589492798,-0.10947608202695847,-0.37503352761268616,-0.14876790344715118,-0.1817907691001892,-0.5460982918739319,-0.21601621806621552,-0.22482623159885406,-0.6730613112449646,-0.2717985212802887,-0.25957170128822327,-0.7871941924095154,-0.3131898045539856,-0.1565355658531189,-0.27485162019729614,-0.15752007067203522,-0.23267100751399994,-0.3889452815055847,-0.21679948270320892,-0.27845311164855957,-0.4765933156013489,-0.25907623767852783,-0.31615737080574036,-0.5701309442520142,-0.29357534646987915
open_palm,0.0,0.0,0.0,0.13304521143436432,0.1263149082660675,-0.07281585782766342,0.2673664391040802,0.18725177645683289,-0.1292942613363266,0.37264734506607056,0.27642104029655457,-0.1830741912126541,0.46747076511383057,0.3663679361343384,-0.24224849045276642,0.35175958275794983,-0.16302308440208435,-0.12660829722881317,0.4944068491458893,-0.23180994391441345,-0.20472602546215057,0.5845621824264526,-0.27908357977867126,-0.2601581811904907,0.6694233417510986,-0.3358498513698578,-0.30120664834976196,0.3027597665786743,-0.2931533455848694,-0.142319917678833,0.4315340518951416,-0.4349909722805023,-0.21829627454280853,0.52556973695755,-0.53306645154953,-0.2742021977901459,0.6104865670204163,-0.6383196115493774,-0.3171796202659607,0.219071164727211,-0.3685239553451538,-0.1643180251121521,0.30681613087654114,-0.5739172101020813,-0.2396063208580017,0.3762633502483368,-0.711075484752655,-0.2899578809738159,0.44493260979652405,-0.8343781232833862,-0.3253431022167206,0.11749987304210663,-0.3946255147457123,-0.19133250415325165,0.16076409816741943,-0.5971224308013916,-0.2616981267929077,0.1966526210308075,-0.7312536835670471,-0.29903459548950195,0.2403024584054947,-0.8578191995620728,-0.3250623345375061
open_palm,0.0,0.0,0.0,0.12752406299114227,0.21612371504306793,-0.08205679059028625,0.2597900927066803,0.3301664888858795,-0.14677366614341736,0.3626764118671417,0.46339789032936096,-0.20864775776863098,0.4520668387413025,0.6051459312438965,-0.27780526876449585,0.40772905945777893,-0.009144946001470089,-0.1462864726781845,0.5761215090751648,-0.009719468653202057,-0.2407800853252411,0.6887409090995789,-0.014267627149820328,-0.30910393595695496,0.7909371256828308,-0.03112621046602726,-0.3588278591632843,0.38040825724601746,-0.16652363538742065,-0.16643808782100677,0.559270441532135,-0.24318073689937592,-0.2576102614402771,0.6803586483001709,-0.2934603989124298,-0.32583311200141907,0.7876138091087341,-0.35608673095703125,-0.37653765082359314,0.3047378659248352,-0.28374403715133667,-0.19361107051372528,0.4455544352531433,-0.4508623480796814,-0.2846684455871582,0.550324559211731,-0.560096263885498,-0.346646249294281,0.6465479731559753,-0.6565893888473511,-0.38841477036476135,0.19895075261592865,-0.3597082495689392,-0.22570332884788513,0.2910793125629425,-0.538651704788208,-0.3091646730899811,0.36131688952445984,-0.6568905711174011,-0.35313665866851807,0.4340687394142151,-0.7652397155761719,-0.38333284854888916
open_palm,0.0,0.0,0.0,0.11737856268882751,0.2560052275657654,-0.0778467133641243,0.2568908929824829,0.4251835346221924,-0.13833527266979218,0.35489946603775024,0.5868569016456604,-0.19715315103530884,0.4354166090488434,0.7586015462875366,-0.2605811655521393,0.472888708114624,0.10559231042861938,-0.12271387130022049,0.6570666432380676,0.16212204098701477,-0.21041245758533478,0.7759090065956116,0.19401226937770844,-0.276403546333313,0.8858868479728699,0.21053265035152435,-0.3244231343269348,0.46019431948661804,-0.06647352129220963,-0.1444603055715561,0.6669425368309021,-0.08633611351251602,-0.22734273970127106,0.8082659840583801,-0.0913521870970726,-0.2916482985019684,0.9335564970970154,-0.11220324039459229,-0.34041547775268555,0.39461249113082886,-0.21335341036319733,-0.17463703453540802,0.5651178956031799,-0.32161104679107666,-0.25883373618125916,0.6898748278617859,-0.3808911442756653,-0.31771034002304077,0.8004679083824158,-0.4346688687801361,-0.3573187589645386,0.29385507106781006,-0.33491235971450806,-0.21040822565555573,0.4191553294658661,-0.49665969610214233,-0.28946012258529663,0.513576865196228,-0.6016381978988647,-0.33131322264671326,0.6074127554893494,-0.7013530135154724,-0.3595721125602722
open_palm,0.0,0.0,0.0,0.08883893489837646,0.2848910987377167,-0.05393070727586746,0.20648664236068726,0.4915544390678406,-0.09651235491037369,0.2860989570617676,0.6704002618789673,-0.1416596919298172,0.33715125918388367,0.8539347648620605,-0.19166232645511627,0.45154479146003723,0.26050975918769836,-0.07700472325086594,0.6203784942626953,0.3799199163913727,-0.14723490178585052,0.7304896712303162,0.44816502928733826,-0.20293214917182922,0.8302992582321167,0.5010557770729065,-0.24402102828025818,0.46502920985221863,0.0902625173330307,-0.10249296575784683,0.6660079956054688,0.15355215966701508,-0.16637055575847626,0.8023114204406738,0.19619299471378326,-0.21834400296211243,0.9201275706291199,0.22006724774837494,-0.25695863366127014,0.4250979721546173,-0.06877691298723221,-0.1355101466178894,0.6121112108230591,-0.10529067367315292,-0.20155927538871765,0.7409529685974121,-0.12093932181596756,-0.2508789300918579,0.8559255003929138,-0.1298755407333374,-0.28422030806541443,0.34499022364616394,-0.2162684202194214,-0.17294099926948547,0.4791353642940521,-0.31977367401123047,-0.2397182285785675,0.580820620059967,-0.3794410526752472,-0.27476245164871216,0.6810007095336914,-0.42335495352745056,-0.29712554812431335
open_palm,0.0,0.0,0.0,0.03426479920744896,0.2934090793132782,-0.05199139192700386,0.11391160637140274,0.5086155533790588,-0.08221126347780228,0.16286201775074005,0.6846428513526917,-0.11446350812911987,0.1817898154258728,0.8599379062652588,-0.1481287181377411,0.36158594489097595,0.406069278717041,-0.03845333307981491,0.4896087050437927,0.5692321062088013,-0.0866561308503151,0.5746023058891296,0.6665891408920288,-0.129970982670784,0.6516435742378235,0.7407978177070618,-0.163031667470932,0.40122759342193604,0.2754344642162323,-0.05438266322016716,0.568001389503479,0.40701648592948914,-0.0993046835064888,0.6813084483146667,0.4951193034648895,-0.14141163229942322,0.7774853110313416,0.5554804801940918,-0.17293250560760498,0.39619287848472595,0.1316831111907959,-0.07947194576263428,0.5614008903503418,0.18030956387519836,-0.1295413225889206,0.6721447706222534,0.21809449791908264,-0.1717919111251831,0.7671945691108704,0.24810247123241425,-0.19960856437683105,0.35796302556991577,-0.02400003746151924,-0.10997563600540161,0.49293622374534607,-0.054213497787714005,-0.1613471806049347,0.591062605381012,-0.0741119310259819,-0.19012100994586945,0.6832818984985352,-0.08920980244874954,-0.20836186408996582
open_palm,0.0,0.0,0.0,-0.007001011166721582,0.2666465640068054,-0.035789214074611664,0.03773288428783417,0.48585596680641174,-0.05442849174141884,0.06217977777123451,0.66373211145401,-0.07591741532087326,0.05276915431022644,0.8121137619018555,-0.0994732677936554,0.2624207139015198,0.4839034974575043,-0.02338729053735733,0.3595758378505707,0.6699628829956055,-0.0597127228975296,0.4228065013885498,0.7817161679267883,-0.0925331637263298,0.48054268956184387,0.8689964413642883,-0.11799891293048859,0.31463512778282166,0.3831886053085327,-0.03815290704369545,0.4507991373538971,0.5490397810935974,-0.07224925607442856,0.5419045686721802,0.6582579016685486,-0.10462760925292969,0.6189107298851013,0.7375404834747314,-0.12879465520381927,0.3325815498828888,0.25536227226257324,-0.059976816177368164,0.4763590395450592,0.3513292670249939,-0.09822162985801697,0.5673633813858032,0.4248291552066803,-0.1327960193157196,0.6463116407394409,0.48672839999198914,-0.15607376396656036,0.3239711821079254,0.10558093339204788,-0.08560971915721893,0.4443947970867157,0.12338859587907791,-0.12699207663536072,0.528339147567749,0.14086765050888062,-0.1511409878730774,0.6072357892990112,0.16460897028446198,-0.16658556461334229
open_palm,0.0,0.0,0.0,-0.025541575625538826,0.24614273011684418,-0.03731771558523178,-0.01593112200498581,0.44960343837738037,-0.05994248762726784,-0.018683908507227898,0.6172860264778137,-0.08528779447078705,-0.04030318185687065,0.7509186267852783,-0.11249029636383057,0.1905769258737564,0.5069749355316162,-0.021855926141142845,0.2567426860332489,0.7065602540969849,-0.058213796466588974,0.2988851070404053,0.8299822807312012,-0.09214536100625992,0.3395341634750366,0.9330899119377136,-0.11857419461011887,0.24596768617630005,0.4316433072090149,-0.036022868007421494,0.3483699560165405,0.6236150860786438,-0.06961506605148315,0.41631972789764404,0.7520231604576111,-0.10352524369955063,0.47534382343292236,0.8509809374809265,-0.12933099269866943,0.2732405662536621,0.31853723526000977,-0.05775720626115799,0.3919951915740967,0.4460761845111847,-0.09606169909238815,0.46671584248542786,0.5444311499595642,-0.13158488273620605,0.5321698784828186,0.6324182152748108,-0.1557283252477646,0.27858999371528625,0.1763746440410614,-0.08340675383806229,0.38528797030448914,0.23065434396266937,-0.12373591214418411,0.4600083529949188,0.27585962414741516,-0.14805009961128235,0.5313458442687988,0.3293435871601105,-0.16413266956806183
open_palm,0.0,0.0,0.0,-0.043997302651405334,0.2116963416337967,-0.0324258953332901,-0.05551565811038017,0.41196349263191223,-0.05256025120615959,-0.07846282422542572,0.5703238248825073,-0.07519109547138214,-0.11574677377939224,0.685401439666748,-0.09972725063562393,0.11719954013824463,0.5349188446998596,-0.022539623081684113,0.15879371762275696,0.7312997579574585,-0.05569440498948097,0.18591584265232086,0.8520634770393372,-0.08594536781311035,0.2127082794904709,0.9551157355308533,-0.10938844829797745,0.17656566202640533,0.4804416000843048,-0.03615734353661537,0.24950407445430756,0.6879157423973083,-0.06628894805908203,0.29740196466445923,0.8233017325401306,-0.09599049389362335,0.3403126299381256,0.9327736496925354,-0.11883103847503662,0.2153627872467041,0.38503122329711914,-0.05611123889684677,0.3073413074016571,0.5490033030509949,-0.08979637175798416,0.365418404340744,0.6607814431190491,-0.121089868247509,0.4147837460041046,0.7602788209915161,-0.1428476870059967,0.2381880134344101,0.25607773661613464,-0.07948049157857895,0.3286703824996948,0.33986979722976685,-0.11471333354711533,0.3913492262363434,0.4027821123600006,-0.13563479483127594,0.44923534989356995,0.47089913487434387,-0.14968439936637878
open_palm,0.0,0.0,0.0,-0.06184784322977066,0.17620545625686646,-0.031389012932777405,-0.09146206825971603,0.3639262020587921,-0.05113275721669197,-0.12471715360879898,0.5036358833312988,-0.07274165749549866,-0.17076337337493896,0.5894288420677185,-0.09663715958595276,0.06346511840820312,0.5261179804801941,-0.026484236121177673,0.08446227014064789,0.7169803977012634,-0.059290286153554916,0.09993845224380493,0.8368897438049316,-0.08948688954114914,0.11672884970903397,0.9416552186012268,-0.11186692863702774,0.12318253517150879,0.49201980233192444,-0.038409095257520676,0.17028622329235077,0.7086101770401001,-0.0652492567896843,0.2012694776058197,0.8497242331504822,-0.09134280681610107,0.2313939929008484,0.9664785861968994,-0.11124733090400696,0.1676042377948761,0.41639599204063416,-0.055660322308540344,0.23505283892154694,0.5964180827140808,-0.08310572057962418,0.27579641342163086,0.7128129601478577,-0.10701204836368561,0.30987444519996643,0.8131471872329712,-0.12357703596353531,0.20136959850788116,0.30495205521583557,-0.07659579068422318,0.27341228723526,0.41798147559165955,-0.102452851831913,0.31978467106819153,0.49982863664627075,-0.11502299457788467,0.36091503500938416,0.5808963179588318,-0.12331875413656235
open_palm,0.0,0.0,0.0,-0.06955630332231522,0.156364306807518,-0.029195420444011688,-0.11466354876756668,0.32428714632987976,-0.048548150807619095,-0.15491983294487,0.44900834560394287,-0.07041953504085541,-0.19794845581054688,0.5323086380958557,-0.09424612671136856,0.03478540852665901,0.5195126533508301,-0.018608825281262398,0.04261414706707001,0.702487051486969,-0.04978170245885849,0.048708099871873856,0.8154616355895996,-0.08000513911247253,0.05787035450339317,0.9174145460128784,-0.10291476547718048,0.09337784349918365,0.5005581974983215,-0.031954098492860794,0.12779539823532104,0.7159898281097412,-0.05912404507398605,0.14953070878982544,0.8595641851425171,-0.08761899173259735,0.17178794741630554,0.9790677428245544,-0.10915661603212357,0.13922862708568573,0.4383026659488678,-0.05086085572838783,0.1978009045124054,0.6314378976821899,-0.08019924908876419,0.2311575561761856,0.7587800025939941,-0.10710587352514267,0.2593761682510376,0.8700703382492065,-0.12540678679943085,0.17479604482650757,0.34223029017448425,-0.07302894443273544,0.23885002732276917,0.47162699699401855,-0.10229194164276123,0.28013917803764343,0.5657618641853333,-0.11829101294279099,0.3164646029472351,0.6594386696815491,-0.1286177635192871
open_palm,0.0,0.0,0.0,-0.07859061658382416,0.13236281275749207,-0.023558488115668297,-0.12427639216184616,0.3066537082195282,-0.03611930459737778,-0.1735980361700058,0.4290151596069336,-0.051622770726680756,-0.22513841092586517,0.49344757199287415,-0.0688452273607254,0.009449762292206287,0.5270036458969116,-0.008433064445853233,0.004952187184244394,0.7126947045326233,-0.03180571645498276,0.004857414867728949,0.8241248726844788,-0.056604791432619095,0.010418624617159367,0.9229252338409424,-0.07654353231191635,0.06803122162818909,0.520713210105896,-0.02148512378334999,0.08472297340631485,0.7359810471534729,-0.04215077683329582,0.09503309428691864,0.8754108548164368,-0.0654231533408165,0.10840403288602829,0.9905886650085449,-0.08356189727783203,0.11708811670541763,0.4714769124984741,-0.039920054376125336,0.16174544394016266,0.6674253940582275,-0.06335222721099854,0.18610364198684692,0.7945728898048401,-0.0866101086139679,0.2072216123342514,0.9043170213699341,-0.1029331162571907,0.1585080921649933,0.3853164315223694,-0.061480093747377396,0.21496066451072693,0.5264391303062439,-0.08569524437189102,0.25003498792648315,0.624091625213623,-0.09875889122486115,0.27914151549339294,0.7193230390548706,-0.1076226532459259
open_palm,0.0,0.0,0.0,-0.07754248380661011,0.1471509039402008,-0.013165043666958809,-0.11279327422380447,0.31413164734840393,-0.01937549002468586,-0.15579256415367126,0.43485283851623535,-0.03197258710861206,-0.19858843088150024,0.499378502368927,-0.04724103957414627,0.014221535995602608,0.5204282999038696,0.00840294174849987,0.019428882747888565,0.7062844634056091,-0.012337940745055676,0.023113342002034187,0.8180102705955505,-0.03654945269227028,0.029344813898205757,0.9205560088157654,-0.05772684887051582,0.06641845405101776,0.5082266330718994,-0.013728507794439793,0.09222259372472763,0.7242507338523865,-0.03582620993256569,0.10886906832456589,0.8710559606552124,-0.06406459212303162,0.12640011310577393,0.9881598949432373,-0.08696623146533966,0.10838185250759125,0.4525752663612366,-0.04165405035018921,0.1567787230014801,0.641798198223114,-0.06908539682626724,0.18155984580516815,0.7718863487243652,-0.09872480481863022,0.2034192681312561,0.8874384164810181,-0.120541051030159,0.1437312215566635,0.36500850319862366,-0.07213794440031052,0.1987132579088211,0.503899097442627,-0.10395196080207825,0.23426006734371185,0.6045977473258972,-0.12510016560554504,0.26458415389060974,0.7054688930511475,-0.1409352421760559
open_palm,0.0,0.0,0.0,-0.1163121834397316,0.1815291941165924,-0.056561775505542755,-0.27043649554252625,0.28191083669662476,-0.08926591277122498,-0.3891180455684662,0.35707560181617737,-0.11863961070775986,-0.47432583570480347,0.45365068316459656,-0.15225189924240112,-0.405078262090683,-0.06617444008588791,-0.07637445628643036,-0.5605394840240479,-0.09215540438890457,-0.12841734290122986,-0.6605150699615479,-0.11095024645328522,-0.16796638071537018,-0.7487006783485413,-0.13422919809818268,-0.20067793130874634,-0.3663611114025116,-0.2304099202156067,-0.09511016309261322,-0.522114098072052,-0.35173285007476807,-0.1449211686849594,-0.6283477544784546,-0.4309699833393097,-0.19003567099571228,-0.7234752178192139,-0.5028389096260071,-0.22513000667095184,-0.29093292355537415,-0.33983269333839417,-0.12109905481338501,-0.41915637254714966,-0.5149881839752197,-0.19137728214263916,-0.5149586200714111,-0.6263229846954346,-0.24972987174987793,-0.6078651547431946,-0.7258334159851074,-0.29100242257118225,-0.1886521577835083,-0.40404701232910156,-0.14922060072422028,-0.21534976363182068,-0.6235224008560181,-0.23013265430927277,-0.23934406042099,-0.7754612565040588,-0.27658483386039734,-0.27032825350761414,-0.9125279188156128,-0.30694541335105896
open_palm,0.0,0.0,0.0,-0.11611463129520416,0.21715985238552094,-0.05464818328619003,-0.27642056345939636,0.354901522397995,-0.08829953521490097,-0.39608970284461975,0.4642578661441803,-0.11920177936553955,-0.48261332511901855,0.5799716114997864,-0.15453550219535828,-0.44012391567230225,0.022452462464571,-0.07765640318393707,-0.6111059784889221,0.029508721083402634,-0.13272453844547272,-0.7212390899658203,0.03474414348602295,-0.17449699342250824,-0.8178449273109436,0.038124412298202515,-0.20853281021118164,-0.4081149101257324,-0.14741066098213196,-0.10010165721178055,-0.5841014981269836,-0.2450495958328247,-0.15384027361869812,-0.7032166123390198,-0.30630093812942505,-0.20164534449577332,-0.8099331259727478,-0.359021931886673,-0.23745621740818024,-0.33318984508514404,-0.26803886890411377,-0.12978950142860413,-0.4816983640193939,-0.4297417998313904,-0.20454691350460052,-0.5938423871994019,-0.5258951783180237,-0.26630839705467224,-0.7040114998817444,-0.6091763973236084,-0.3090857267379761,-0.22681061923503876,-0.3494187593460083,-0.16091343760490417,-0.27157267928123474,-0.5832104086875916,-0.2446753978729248,-0.3113282322883606,-0.7392860054969788,-0.29196643829345703,-0.3596343994140625,-0.8755375742912292,-0.32264095544815063
open_palm,0.0,0.0,0.0,-0.09845706820487976,0.2775637209415436,-0.062456242740154266,-0.25579723715782166,0.48690065741539,-0.10186767578125,-0.3737514019012451,0.6478456854820251,-0.13774089515209198,-0.457291841506958,0.807288408279419,-0.17885926365852356,-0.47268223762512207,0.20430825650691986,-0.09150955826044083,-0.6533228754997253,0.28262072801589966,-0.1561901718378067,-0.7688265442848206,0.33650946617126465,-0.20494049787521362,-0.8724288940429688,0.38590627908706665,-0.24472123384475708,-0.45953306555747986,0.010569908656179905,-0.11713987588882446,-0.660651445388794,-0.02063814364373684,-0.1829032152891159,-0.7959320545196533,-0.028654037043452263,-0.23949562013149261,-0.9199475049972534,-0.03159032016992569,-0.2811671793460846,-0.3930671215057373,-0.1462780088186264,-0.15063944458961487,-0.575877845287323,-0.2520669400691986,-0.23966272175312042,-0.7067751884460449,-0.30671507120132446,-0.310433954000473,-0.8372961282730103,-0.3524136543273926,-0.35860955715179443,-0.2887486517429352,-0.2711423933506012,-0.18552592396736145,-0.3694155514240265,-0.4911298155784607,-0.28559163212776184,-0.43350809812545776,-0.6426382064819336,-0.3417678773403168,-0.5068069100379944,-0.7749683260917664,-0.3775855004787445
open_palm,0.0,0.0,0.0,-0.0637158453464508,0.26903650164604187,-0.05360454320907593,-0.19008879363536835,0.4960247874259949,-0.09122604876756668,-0.28563618659973145,0.6664077043533325,-0.1264478862285614,-0.347292959690094,0.8343760371208191,-0.16659708321094513,-0.4029175639152527,0.32136255502700806,-0.08883669227361679,-0.5631032586097717,0.442111998796463,-0.15485157072544098,-0.662604570388794,0.5304930210113525,-0.20396530628204346,-0.7492125630378723,0.6164429783821106,-0.2422364354133606,-0.40520909428596497,0.15243728458881378,-0.11508584022521973,-0.5893399119377136,0.1941596269607544,-0.18158753216266632,-0.7118330001831055,0.2388683706521988,-0.23537056148052216,-0.8236121535301208,0.2856012284755707,-0.27383118867874146,-0.3599681556224823,-0.006681462284177542,-0.14772824943065643,-0.5324304699897766,-0.02798309549689293,-0.22984088957309723,-0.6518762111663818,-0.029719410464167595,-0.28881487250328064,-0.7696039080619812,-0.024988895282149315,-0.3285785913467407,-0.2779776155948639,-0.15107381343841553,-0.18176335096359253,-0.37242138385772705,-0.29495611786842346,-0.2685239315032959,-0.44621849060058594,-0.3966177999973297,-0.3130965530872345,-0.5253482460975647,-0.4856169819831848,-0.3411480188369751
open_palm,0.0,0.0,0.0,-0.04396308958530426,0.2572578191757202,-0.04279378801584244,-0.14131523668766022,0.4831196367740631,-0.07630924880504608,-0.20843355357646942,0.654263973236084,-0.10867741703987122,-0.25939515233039856,0.8167183995246887,-0.14547660946846008,-0.3431566059589386,0.38797828555107117,-0.07908619940280914,-0.4849832057952881,0.5308943390846252,-0.14062903821468353,-0.5675989985466003,0.6382154822349548,-0.185700923204422,-0.6379942893981934,0.7379590272903442,-0.2199537754058838,-0.3557867705821991,0.24945783615112305,-0.10610707849264145,-0.5255461931228638,0.3432748019695282,-0.16592925786972046,-0.6345147490501404,0.42131704092025757,-0.21418672800064087,-0.7299754023551941,0.4904289245605469,-0.2489611953496933,-0.32486751675605774,0.10601644217967987,-0.13833996653556824,-0.4867112636566162,0.14657364785671234,-0.2108009159564972,-0.5931766033172607,0.19302381575107574,-0.26304110884666443,-0.6956053376197815,0.23882591724395752,-0.2993617057800293,-0.2576541602611542,-0.036439064890146255,-0.1714288741350174,-0.3528122901916504,-0.122734934091568,-0.2497566193342209,-0.42458537220954895,-0.18109577894210815,-0.288966566324234,-0.49976107478141785,-0.22983554005622864,-0.3137654662132263
open_palm,0.0,0.0,0.0,-0.012552290223538876,0.24760845303535461,-0.03423016145825386,-0.07952392101287842,0.47509121894836426,-0.05977829918265343,-0.1221189945936203,0.6418009996414185,-0.08573836833238602,-0.13901416957378387,0.7997864484786987,-0.11548545211553574,-0.261852502822876,0.463821679353714,-0.05462455004453659,-0.3689427971839905,0.6281262636184692,-0.10577935725450516,-0.4266928732395172,0.7459486126899719,-0.1458490639925003,-0.4754602313041687,0.8617473244667053,-0.1770005077123642,-0.28743621706962585,0.3535698354244232,-0.07912943512201309,-0.4225442707538605,0.49449455738067627,-0.1284935176372528,-0.5044177174568176,0.6037550568580627,-0.171099454164505,-0.5750111937522888,0.7082639932632446,-0.2022833228111267,-0.2783372402191162,0.221622496843338,-0.10874390602111816,-0.4175513684749603,0.31184685230255127,-0.1675063818693161,-0.5042877793312073,0.38682669401168823,-0.2113565057516098,-0.5860037207603455,0.4670780301094055,-0.2423635721206665,-0.23934410512447357,0.0763169601559639,-0.13965082168579102,-0.3334105610847473,0.042255938053131104,-0.20206362009048462,-0.4039434492588043,0.02547432668507099,-0.23459771275520325,-0.4758166968822479,0.020365744829177856,-0.25620371103286743
open_palm,0.0,0.0,0.0,0.015302293002605438,0.21636828780174255,-0.03510993719100952,-0.012143663130700588,0.44457104802131653,-0.061416253447532654,-0.0253143273293972,0.6175047159194946,-0.08733032643795013,-0.027225367724895477,0.7704780697822571,-0.11615977436304092,-0.17661964893341064,0.4892440736293793,-0.051183439791202545,-0.2455880045890808,0.6873922348022461,-0.09720417112112045,-0.27929896116256714,0.8177109360694885,-0.132309228181839,-0.3052508234977722,0.9387895464897156,-0.15967553853988647,-0.21474458277225494,0.39188286662101746,-0.07251521944999695,-0.3176496624946594,0.5650373101234436,-0.11876007914543152,-0.37544751167297363,0.6896843910217285,-0.15751439332962036,-0.4243193566799164,0.8080018162727356,-0.18534591794013977,-0.22246626019477844,0.26527905464172363,-0.09909778088331223,-0.3368948996067047,0.38957858085632324,-0.15587125718593597,-0.40598538517951965,0.4845770597457886,-0.19662697613239288,-0.47171005606651306,0.5845344066619873,-0.22457922995090485,-0.20506207644939423,0.11972612142562866,-0.12665913999080658,-0.2962343394756317,0.1200842633843422,-0.18593555688858032,-0.36394137144088745,0.12399179488420486,-0.21560420095920563,-0.43059808015823364,0.14230412244796753,-0.23486100137233734
open_palm,0.0,0.0,0.0,0.03423348441720009,0.20173124969005585,-0.03195205703377724,0.026687437668442726,0.42805546522140503,-0.05636154115200043,0.028421303257346153,0.5948562026023865,-0.0806567445397377,0.04323071241378784,0.7356672286987305,-0.10858416557312012,-0.10817652195692062,0.5048759579658508,-0.056847088038921356,-0.14952227473258972,0.7141110301017761,-0.10400030761957169,-0.16992786526679993,0.8485701084136963,-0.139215886592865,-0.1844138652086258,0.9686908721923828,-0.1662215143442154,-0.15259894728660583,0.4249142110347748,-0.07808498293161392,-0.22338496148586273,0.6133300065994263,-0.12514197826385498,-0.2622978091239929,0.7470234632492065,-0.1631753146648407,-0.2958873212337494,0.8698715567588806,-0.19067533314228058,-0.1723305583000183,0.3058537542819977,-0.10354506224393845,-0.25899025797843933,0.4412679672241211,-0.15889011323451996,-0.3121069669723511,0.5424003601074219,-0.19772687554359436,-0.36221620440483093,0.6465598344802856,-0.22470740973949432,-0.16986611485481262,0.15943147242069244,-0.1298471838235855,-0.252453088760376,0.1773349493741989,-0.18708117306232452,-0.3149902820587158,0.19014406204223633,-0.21515245735645294,-0.37508296966552734,0.21285824477672577,-0.23349589109420776
open_palm,0.0,0.0,0.0,0.045874811708927155,0.19320568442344666,-0.03182509168982506,0.04516306892037392,0.410384863615036,-0.060300346463918686,0.04533021152019501,0.5644018054008484,-0.0879628136754036,0.056986428797245026,0.7049043774604797,-0.12081938236951828,-0.07818180322647095,0.5080159306526184,-0.08138862997293472,-0.115148164331913,0.7125319242477417,-0.13754378259181976,-0.1303408443927765,0.8463179469108582,-0.1772041767835617,-0.13862597942352295,0.9683131575584412,-0.20773212611675262,-0.12220921367406845,0.43597403168678284,-0.10679388046264648,-0.18332219123840332,0.6313797235488892,-0.1667012721300125,-0.21568962931632996,0.7724599242210388,-0.21206429600715637,-0.24316132068634033,0.9034051299095154,-0.24458014965057373,-0.1421508938074112,0.3241470158100128,-0.13491763174533844,-0.21647855639457703,0.474861741065979,-0.20335936546325684,-0.26186394691467285,0.5969638228416443,-0.251914381980896,-0.3063200116157532,0.719035267829895,-0.285523921251297,-0.14218822121620178,0.18292906880378723,-0.16270264983177185,-0.21434542536735535,0.21365892887115479,-0.2349625676870346,-0.26974958181381226,0.24295669794082642,-0.27342355251312256,-0.32561787962913513,0.2832890748977661,-0.2988424301147461
open_palm,0.0,0.0,0.0,0.053794022649526596,0.1975998431444168,-0.018049363046884537,0.052954576909542084,0.4045692980289459,-0.0443388968706131,0.05619758740067482,0.5449283123016357,-0.07478547841310501,0.061576128005981445,0.6850704550743103,-0.11313685029745102,-0.07583460211753845,0.510703980922699,-0.0794965997338295,-0.11348919570446014,0.7069990634918213,-0.1365642100572586,-0.12523584067821503,0.8438301682472229,-0.17997081577777863,-0.12910546362400055,0.9677737355232239,-0.2162073403596878,-0.11471335589885712,0.4389788508415222,-0.11823192238807678,-0.1734299659729004,0.637895405292511,-0.1813204437494278,-0.20245672762393951,0.785605788230896,-0.2365763783454895,-0.2273283302783966,0.9247888922691345,-0.2812986373901367,-0.1315431296825409,0.33595705032348633,-0.15883468091487885,-0.20060504972934723,0.48970428109169006,-0.22936376929283142,-0.241662859916687,0.619354784488678,-0.2919335961341858,-0.2802557647228241,0.7379006147384644,-0.34039121866226196,-0.1304035633802414,0.20780429244041443,-0.19810207188129425,-0.20039501786231995,0.2556886374950409,-0.27445074915885925,-0.25294244289398193,0.3007117807865143,-0.3267229497432709,-0.30542656779289246,0.35042622685432434,-0.36753049492836
open_palm,0.0,0.0,0.0,0.08177419006824493,-0.15724028646945953,-0.0027489536441862583,0.11838427186012268,-0.3360785245895386,-0.016799721866846085,0.15161406993865967,-0.48403656482696533,-0.02875794842839241,0.20587052404880524,-0.5437794327735901,-0.04389483854174614,0.04208435118198395,-0.44088807702064514,-0.07304651290178299,0.061816632747650146,-0.6864708065986633,-0.10242021083831787,0.06296788901090622,-0.8417364358901978,-0.11480388790369034,0.05925469845533371,-0.9606750011444092,-0.12322360277175903,-0.028288906440138817,-0.42834901809692383,-0.08293435722589493,-0.027657652273774147,-0.6937659382820129,-0.11112530529499054,-0.036517079919576645,-0.8643874526023865,-0.12273617088794708,-0.04982750117778778,-0.9899781346321106,-0.1321382224559784,-0.09542163461446762,-0.38746553659439087,-0.08814196288585663,-0.13555268943309784,-0.6243293881416321,-0.11390143632888794,-0.1582445502281189,-0.7751635909080505,-0.1342112272977829,-0.17417611181735992,-0.8848795294761658,-0.14951501786708832,-0.1524830460548401,-0.330008327960968,-0.09061536937952042,-0.2131093144416809,-0.4773896038532257,-0.12099158763885498,-0.25243982672691345,-0.5669475793838501,-0.14084385335445404,-0.2846434712409973,-0.6457983255386353,-0.15321485698223114
open_palm,0.0,0.0,0.0,0.08082378655672073,-0.15657939016819,-0.0053773308172822,0.11834362894296646,-0.3487454056739807,-0.019255679100751877,0.15300142765045166,-0.49371930956840515,-0.031032981351017952,0.20961560308933258,-0.541312575340271,-0.04665329307317734,0.045828547328710556,-0.43692871928215027,-0.07639507204294205,0.06548881530761719,-0.6813042759895325,-0.10592149198055267,0.06683596968650818,-0.8394073843955994,-0.11873099207878113,0.06475445628166199,-0.9596256017684937,-0.12725186347961426,-0.024155348539352417,-0.42596811056137085,-0.08705002069473267,-0.026256747543811798,-0.6904581189155579,-0.11372370272874832,-0.03775247186422348,-0.8625581860542297,-0.12484348565340042,-0.05146064609289169,-0.98964923620224,-0.13396377861499786,-0.09206388145685196,-0.3861885666847229,-0.09323816746473312,-0.12919506430625916,-0.6224605441093445,-0.11784681677818298,-0.1507262885570526,-0.7749571800231934,-0.1381186842918396,-0.16587015986442566,-0.8891996145248413,-0.15383084118366241,-0.15141448378562927,-0.3262152373790741,-0.09696679562330246,-0.21432602405548096,-0.46771809458732605,-0.12564603984355927,-0.25365424156188965,-0.5533714890480042,-0.14346767961978912,-0.28418228030204773,-0.6289880275726318,-0.15492267906665802
open_palm,0.0,0.0,0.0,0.08012493699789047,-0.16763435304164886,-0.00282927299849689,0.11218008399009705,-0.3540346622467041,-0.01704956404864788,0.1435949206352234,-0.5007315278053284,-0.027824776247143745,0.19381996989250183,-0.5589872002601624,-0.04167771711945534,0.034098245203495026,-0.4311124086380005,-0.0869978740811348,0.04916076734662056,-0.6866147518157959,-0.12014774978160858,0.049603015184402466,-0.8441509008407593,-0.13200366497039795,0.046907760202884674,-0.9619097113609314,-0.13906854391098022,-0.038327302783727646,-0.4115293622016907,-0.09710268676280975,-0.049149926751852036,-0.6870131492614746,-0.1309671849012375,-0.06054547429084778,-0.8590717315673828,-0.14299829304218292,-0.07372334599494934,-0.9856988787651062,-0.15153394639492035,-0.1046915203332901,-0.3673478662967682,-0.10161534696817398,-0.15174584090709686,-0.5985079407691956,-0.13194112479686737,-0.17699915170669556,-0.7515552043914795,-0.15430474281311035,-0.1946479231119156,-0.8644855618476868,-0.1699853092432022,-0.15718059241771698,-0.30746573209762573,-0.10270866751670837,-0.22121098637580872,-0.4508146643638611,-0.13537023961544037,-0.2658037841320038,-0.5363592505455017,-0.1560153365135193,-0.3030286133289337,-0.6102150678634644,-0.1686946451663971
open_palm,0.0,0.0,0.0,0.07822705060243607,-0.16831792891025543,-0.005096595734357834,0.10719060897827148,-0.3543280363082886,-0.018396221101284027,0.1351623684167862,-0.5086127519607544,-0.02785254642367363,0.1827206313610077,-0.5800338387489319,-0.039587896317243576,0.018194258213043213,-0.440994530916214,-0.08333893865346909,0.03638049215078354,-0.6919613480567932,-0.11615779250860214,0.03460269793868065,-0.8448907136917114,-0.12824369966983795,0.02907913364470005,-0.9592386484146118,-0.13582798838615417,-0.052228111773729324,-0.41548481583595276,-0.0914912223815918,-0.06708801537752151,-0.6834405660629272,-0.12876386940479279,-0.08090287446975708,-0.8552427887916565,-0.143105149269104,-0.09713611006736755,-0.983466625213623,-0.15283320844173431,-0.11386784166097641,-0.3665080964565277,-0.09452559798955917,-0.16763322055339813,-0.5888473987579346,-0.1284763664007187,-0.19615493714809418,-0.737594485282898,-0.15209193527698517,-0.21711872518062592,-0.8498755693435669,-0.1675693541765213,-0.16037949919700623,-0.30565205216407776,-0.09440852701663971,-0.2283613234758377,-0.44731372594833374,-0.13076940178871155,-0.2737848162651062,-0.5317630767822266,-0.15420587360858917,-0.31282174587249756,-0.6075068116188049,-0.1682053804397583
